Cement Grade (MPa),Cement Density (g/cm3),Cement Content (kg/m3),Water Content (kg/m3),Fine Aggerate Content (kg/m3),Coarse Aggerate Type,Coarse Aggerate Density (g/cm3),Larger Coarse Aggregate Size (mm),Large Coarse Aggregate Size,Medium Coarse Aggregate Size,Small Coarse Aggregate Size,Larger Coarse Aggregate Size Percentage,Large Coarse Aggregate Size Percentage,Medium Coarse Aggregate Size Percentage,Small Coarse Aggregate Size Percentage,Coarse Aggerate Content (kg/m3),Concrete Strength (MPa)
42.5,3.10,400.0,239.0,659.0,1,2.70,2.36,4.75,8.00,16.00,5.00,77.00,12.00,6.00,999.0,40.40
42.5,3.10,280.0,224.0,716.0,1,2.70,2.00,4.75,4.00,8.00,38.00,48.00,6.00,8.00,1087.0,27.50
43.0,3.12,375.0,198.8,592.5,1,2.62,2.36,4.75,9.50,15.80,22.00,47.00,26.00,5.00,1143.8,36.84
43.0,3.12,400.0,200.0,572.0,1,2.62,2.36,4.75,9.50,15.80,22.00,47.00,26.00,5.00,1128.0,43.13
43.0,3.12,400.0,212.0,616.0,1,2.62,2.36,4.75,9.50,15.80,22.00,47.00,26.00,5.00,1196.0,38.85
43.0,3.12,425.0,199.8,544.0,1,2.62,2.36,4.75,9.50,15.80,22.00,47.00,26.00,5.00,1096.5,47.16
43.0,3.12,425.0,208.3,590.8,1,2.62,2.36,4.75,9.50,15.80,22.00,47.00,26.00,5.00,1177.3,45.05
43.0,3.12,450.0,198.0,513.0,1,2.62,2.36,4.75,9.50,15.80,22.00,47.00,26.00,5.00,1057.5,49.63
43.0,3.12,450.0,211.5,562.5,1,2.62,2.36,4.75,9.50,15.80,22.00,47.00,26.00,5.00,1143.0,47.42
43.0,3.12,475.0,199.5,498.8,1,2.62,2.36,4.75,9.50,15.80,22.00,47.00,26.00,5.00,1040.3,54.01
43.0,3.12,475.0,209.0,565.3,1,2.62,2.36,4.75,9.50,15.80,22.00,47.00,26.00,5.00,1168.5,50.05
43.0,3.12,375.0,198.8,592.5,1,2.62,2.36,4.75,9.50,15.80,22.00,47.00,26.00,5.00,1143.8,37.81
43.0,3.12,400.0,200.0,572.0,1,2.62,2.36,4.75,9.50,15.80,22.00,47.00,26.00,5.00,1128.0,44.11
43.0,3.12,400.0,212.0,616.0,1,2.62,2.36,4.75,9.50,15.80,22.00,47.00,26.00,5.00,1196.0,10.90
43.0,3.12,425.0,199.8,544.0,1,2.62,2.36,4.75,9.50,15.80,22.00,47.00,26.00,5.00,1096.5,47.51
43.0,3.12,425.0,208.3,590.8,1,2.62,2.36,4.75,9.50,15.80,22.00,47.00,26.00,5.00,1177.3,45.30
43.0,3.12,425.0,216.8,641.8,1,2.62,2.36,4.75,9.50,15.80,22.00,47.00,26.00,5.00,1253.8,42.54
43.0,3.12,450.0,198.0,513.0,1,2.62,2.36,4.75,9.50,15.80,22.00,47.00,26.00,5.00,1057.5,52.03
43.0,3.12,450.0,211.5,562.5,1,2.62,2.36,4.75,9.50,15.80,22.00,47.00,26.00,5.00,1143.0,48.74
43.0,3.12,450.0,220.5,616.5,1,2.62,2.36,4.75,9.50,15.80,22.00,47.00,26.00,5.00,1228.5,46.59
43.0,3.12,475.0,199.5,498.8,1,2.62,2.36,4.75,9.50,15.80,22.00,47.00,26.00,5.00,1040.3,54.49
43.0,3.12,475.0,209.0,565.3,1,2.62,2.36,4.75,9.50,15.80,22.00,47.00,26.00,5.00,1168.5,53.06
43.0,3.12,475.0,218.5,584.3,1,2.62,2.36,4.75,9.50,15.80,22.00,47.00,26.00,5.00,1192.3,49.18
43.0,3.12,425.0,221.0,607.8,1,2.62,2.36,4.75,9.50,15.80,22.00,47.00,26.00,5.00,858.5,40.02
43.0,3.12,450.0,220.5,580.5,1,2.62,2.36,4.75,9.50,15.80,22.00,47.00,26.00,5.00,837.0,52.25
43.0,3.12,450.0,229.5,626.0,1,2.62,2.36,4.75,9.50,15.80,22.00,47.00,26.00,5.00,855.0,42.68
43.0,3.12,475.0,218.5,555.8,1,2.62,2.36,4.75,9.50,15.80,22.00,47.00,26.00,5.00,817.0,48.67
43.0,3.12,475.0,228.0,598.5,1,2.62,2.36,4.75,9.50,15.80,22.00,47.00,26.00,5.00,869.3,45.52
43.0,3.12,350.0,178.5,486.5,1,2.62,2.36,4.75,9.50,15.80,22.00,47.00,26.00,5.00,1141.0,39.52
43.0,3.12,350.0,189.0,521.5,1,2.62,2.36,4.75,9.50,15.80,22.00,47.00,26.00,5.00,1197.0,31.66
43.0,3.12,375.0,180.0,468.8,1,2.62,2.36,4.75,9.50,15.80,22.00,47.00,26.00,5.00,1121.3,42.73
43.0,3.12,375.0,191.3,506.3,1,2.62,2.36,4.75,9.50,15.80,22.00,47.00,26.00,5.00,1196.3,40.69
43.0,3.12,400.0,180.0,440.0,1,2.62,2.36,4.75,9.50,15.80,22.00,47.00,26.00,5.00,1080.0,47.99
43.0,3.12,400.0,192.0,484.0,1,2.62,2.36,4.75,9.50,15.80,22.00,47.00,26.00,5.00,1168.0,44.89
43.0,3.12,425.0,178.5,416.5,1,2.62,2.36,4.75,9.50,15.80,22.00,47.00,26.00,5.00,1049.8,51.25
43.0,3.12,425.0,191.3,463.3,1,2.62,2.36,4.75,9.50,15.80,22.00,47.00,26.00,5.00,1139.0,49.05
43.0,3.12,375.0,198.8,551.3,1,2.62,2.36,4.75,9.50,15.80,22.00,47.00,26.00,5.00,903.8,37.30
43.0,3.12,400.0,200.0,528.0,1,2.62,2.36,4.75,9.50,15.80,22.00,47.00,26.00,5.00,884.0,44.04
43.0,3.12,400.0,212.0,576.0,1,2.62,2.36,4.75,9.50,15.80,22.00,47.00,26.00,5.00,944.0,39.61
43.0,3.12,425.0,199.8,505.8,1,2.62,2.36,4.75,9.50,15.80,22.00,47.00,26.00,5.00,862.8,47.37
43.0,3.12,425.0,208.3,548.3,1,2.62,2.36,4.75,9.50,15.80,22.00,47.00,26.00,5.00,926.5,44.69
43.0,3.12,450.0,198.0,481.5,1,2.62,2.36,4.75,9.50,15.80,22.00,47.00,26.00,5.00,837.0,50.93
43.0,3.12,450.0,211.5,526.5,1,2.62,2.36,4.75,9.50,15.80,22.00,47.00,26.00,5.00,900.0,48.08
43.0,3.12,475.0,199.5,451.3,1,2.62,2.36,4.75,9.50,15.80,22.00,47.00,26.00,5.00,798.0,54.14
43.0,3.12,475.0,209.0,503.5,1,2.62,2.36,4.75,9.50,15.80,22.00,47.00,26.00,5.00,874.0,51.31
43.0,3.12,350.0,179.9,487.2,1,2.62,2.36,4.75,9.50,15.80,22.10,47.22,25.73,4.95,1139.3,39.52
43.0,3.12,350.0,190.1,524.0,1,2.62,2.36,4.75,9.50,15.80,22.10,47.22,25.73,4.95,1198.4,31.66
43.0,3.12,375.0,180.0,466.9,1,2.62,2.36,4.75,9.50,15.80,22.10,47.21,25.74,4.95,1120.1,42.73
43.0,3.12,375.0,190.1,507.8,1,2.62,2.36,4.75,9.50,15.80,22.10,47.22,25.73,4.95,1194.4,40.69
43.0,3.12,400.0,180.0,440.0,1,2.62,2.36,4.75,9.50,15.80,22.10,47.22,25.73,4.95,1081.2,47.99
43.0,3.12,400.0,190.0,484.0,1,2.62,2.36,4.75,9.50,15.80,22.10,47.22,25.73,4.95,1166.0,44.89
43.0,3.12,425.0,179.8,416.9,1,2.62,2.36,4.75,9.50,15.80,22.10,47.21,25.74,4.95,1046.8,51.25
43.0,3.12,425.0,190.0,462.0,1,2.62,2.36,4.75,9.50,15.80,22.11,47.23,25.72,4.95,1137.7,49.05
43.0,3.12,450.0,189.9,439.7,1,2.62,2.36,4.75,9.50,15.80,22.10,47.21,25.74,4.95,1104.3,53.69
43.0,3.12,350.0,190.1,524.0,1,2.62,2.36,4.75,9.50,15.80,16.79,35.88,39.69,7.63,1198.4,36.64
43.0,3.12,375.0,190.1,507.8,1,2.62,2.36,4.75,9.50,15.80,16.79,35.88,39.69,7.63,1194.8,41.57
43.0,3.12,400.0,190.0,484.0,1,2.62,2.36,4.75,9.50,15.80,16.79,35.88,39.69,7.63,1166.4,46.22
43.0,3.12,425.0,190.0,462.0,1,2.62,2.36,4.75,9.50,15.80,16.79,35.88,39.69,7.63,1138.2,50.35
43.0,3.12,450.0,189.9,439.7,1,2.62,2.36,4.75,9.50,15.80,16.79,35.88,39.69,7.63,1103.4,54.11
43.0,3.12,375.0,199.9,592.9,1,2.62,2.36,4.75,9.50,15.80,22.10,47.22,25.74,4.95,1143.0,36.84
43.0,3.12,400.0,200.0,816.8,1,2.62,2.36,4.75,9.50,15.80,22.10,47.22,25.73,4.95,1129.6,43.13
43.0,3.12,400.0,210.0,402.4,1,2.62,2.36,4.75,9.50,15.80,22.10,47.21,25.74,4.95,1197.2,38.58
43.0,3.12,425.0,200.2,541.9,1,2.62,2.36,4.75,9.50,15.80,22.10,47.21,25.74,4.95,1094.4,47.16
43.0,3.12,425.0,210.0,593.7,1,2.62,2.36,4.75,9.50,15.80,22.10,47.22,25.73,4.95,1178.5,45.05
43.0,3.12,450.0,199.8,513.0,1,2.62,2.36,4.75,9.50,15.80,22.10,47.22,25.73,4.95,1058.4,49.63
43.0,3.12,450.0,210.2,564.3,1,2.62,2.36,4.75,9.50,15.80,22.10,47.21,25.75,4.95,1143.5,47.42
43.0,3.12,475.0,210.0,566.2,1,2.62,2.36,4.75,9.50,15.80,22.10,47.21,25.74,4.95,1169.9,50.05
43.0,3.12,375.0,199.9,592.9,1,2.62,2.36,4.75,9.50,15.80,16.79,35.88,39.69,7.63,1143.0,37.81
43.0,3.12,400.0,200.0,572.0,1,2.62,2.36,4.75,9.50,15.80,16.79,35.88,39.69,7.63,1129.6,44.11
43.0,3.12,400.0,210.0,617.2,1,2.62,2.36,4.75,9.50,15.80,16.79,35.88,39.69,7.63,1197.6,40.90
43.0,3.12,425.0,200.2,541.9,1,2.62,2.36,4.75,9.50,15.80,16.79,35.88,39.69,7.63,1094.8,47.51
43.0,3.12,425.0,220.2,642.2,1,2.62,2.36,4.75,9.50,15.80,16.79,35.88,39.69,7.63,1252.1,42.54
43.0,3.12,450.0,210.2,564.3,1,2.62,2.36,4.75,9.50,15.80,16.79,35.88,39.69,7.63,1143.9,48.74
43.0,3.12,475.0,210.0,566.2,1,2.62,2.36,4.75,9.50,15.80,16.79,35.88,39.69,7.63,1170.4,53.06
43.0,3.12,475.0,219.9,584.3,1,2.62,2.36,4.75,9.50,15.80,16.79,35.88,39.69,7.63,1192.3,49.18
52.5,3.15,500.0,140.0,853.0,2,2.62,2.36,4.75,9.50,16.00,30.00,55.00,10.00,5.00,966.0,67.57
52.5,3.15,451.0,165.0,745.0,2,2.62,2.36,4.75,9.50,16.00,30.00,55.00,10.00,5.00,1030.0,78.80
52.5,3.15,516.0,162.0,802.0,2,2.62,2.36,4.75,9.50,16.00,30.00,55.00,10.00,5.00,801.0,41.37
52.5,3.15,520.0,170.0,855.0,2,2.62,2.36,4.75,9.50,16.00,30.00,55.00,10.00,5.00,855.0,60.28
52.5,3.15,528.0,185.0,720.0,2,2.62,2.36,4.75,9.50,16.00,30.00,55.00,10.00,5.00,920.0,56.83
52.5,3.15,520.0,175.0,805.0,2,2.62,2.36,4.75,9.50,16.00,30.00,55.00,10.00,5.00,870.0,51.02
52.5,3.15,500.1,200.0,613.2,2,2.62,2.36,4.75,9.50,16.00,30.00,55.00,10.00,5.00,1124.4,44.13
52.5,3.15,405.0,175.0,695.0,2,2.62,2.36,4.75,9.50,16.00,30.00,55.00,10.00,5.00,1120.0,52.30
52.5,3.15,516.0,162.0,802.0,2,2.62,2.36,4.75,9.50,16.00,30.00,55.00,10.00,5.00,801.0,41.37
52.5,3.15,475.0,162.0,662.0,2,2.62,2.36,4.75,9.50,16.00,30.00,55.00,10.00,5.00,1044.0,58.52
52.5,3.15,500.0,151.0,655.0,2,2.62,2.36,4.75,9.50,16.00,30.00,55.00,10.00,5.00,1033.0,69.84
52.5,3.15,436.0,218.0,719.7,2,2.62,2.36,4.75,9.50,16.00,30.00,55.00,10.00,5.00,838.4,23.85
52.5,3.15,393.0,192.0,785.6,2,2.62,2.36,4.75,9.50,16.00,30.00,55.00,10.00,5.00,940.6,39.60
52.5,3.15,480.0,192.0,712.2,2,2.62,2.36,4.75,9.50,16.00,30.00,55.00,10.00,5.00,936.2,43.94
52.5,3.15,255.0,192.0,945.0,2,2.62,2.36,4.75,9.50,16.00,30.00,55.00,10.00,5.00,889.8,18.75
52.5,3.15,333.0,192.0,842.6,2,2.62,2.36,4.75,9.50,16.00,30.00,55.00,10.00,5.00,931.2,31.97
52.5,3.15,289.0,192.0,895.3,2,2.62,2.36,4.75,9.50,16.00,30.00,55.00,10.00,5.00,913.2,25.57
52.5,3.15,397.0,185.7,734.3,2,2.62,2.36,4.75,9.50,16.00,30.00,55.00,10.00,5.00,1040.6,33.08
52.5,3.15,381.4,185.7,784.3,2,2.62,2.36,4.75,9.50,16.00,30.00,55.00,10.00,5.00,1104.6,22.49
52.5,3.15,295.8,185.7,769.3,2,2.62,2.36,4.75,9.50,16.00,30.00,55.00,10.00,5.00,1091.4,25.22
52.5,3.15,238.1,185.7,789.3,2,2.62,2.36,4.75,9.50,16.00,30.00,55.00,10.00,5.00,1118.8,17.58
52.5,3.15,339.2,185.7,754.3,2,2.62,2.36,4.75,9.50,16.00,30.00,55.00,10.00,5.00,1069.2,31.90
52.5,3.15,252.5,185.7,784.3,2,2.62,2.36,4.75,9.50,16.00,30.00,55.00,10.00,5.00,1111.6,19.77
52.5,3.15,382.5,185.7,739.3,2,2.62,2.36,4.75,9.50,16.00,30.00,55.00,10.00,5.00,1047.8,37.44
52.5,3.15,339.0,197.0,781.0,2,2.62,2.36,4.75,9.50,16.00,30.00,55.00,10.00,5.00,968.0,32.04
52.5,3.15,236.0,194.0,885.0,2,2.62,2.36,4.75,9.50,16.00,30.00,55.00,10.00,5.00,968.0,18.42
52.5,3.15,277.0,191.0,856.0,2,2.62,2.36,4.75,9.50,16.00,30.00,55.00,10.00,5.00,968.0,25.97
52.5,3.15,307.0,193.0,812.0,2,2.62,2.36,4.75,9.50,16.00,30.00,55.00,10.00,5.00,968.0,27.53
52.5,3.15,200.0,180.0,845.0,2,2.62,2.36,4.75,9.50,16.00,30.00,55.00,10.00,5.00,1125.0,12.25
52.5,3.15,225.0,181.0,833.0,2,2.62,2.36,4.75,9.50,16.00,30.00,55.00,10.00,5.00,1113.0,17.34
52.5,3.15,325.0,184.0,783.0,2,2.62,2.36,4.75,9.50,16.00,30.00,55.00,10.00,5.00,1063.0,30.57
52.5,3.15,275.0,183.0,808.0,2,2.62,2.36,4.75,9.50,16.00,30.00,55.00,10.00,5.00,1088.0,24.50
52.5,3.15,300.0,184.0,795.0,2,2.62,2.36,4.75,9.50,16.00,30.00,55.00,10.00,5.00,1075.0,26.85
52.5,3.15,375.0,186.0,758.0,2,2.62,2.36,4.75,9.50,16.00,30.00,55.00,10.00,5.00,1038.0,38.21
52.5,3.15,400.0,187.0,745.0,2,2.62,2.36,4.75,9.50,16.00,30.00,55.00,10.00,5.00,1025.0,43.70
52.5,3.15,250.0,182.0,820.0,2,2.62,2.36,4.75,9.50,16.00,30.00,55.00,10.00,5.00,1100.0,20.87
52.5,3.15,350.0,186.0,770.0,2,2.62,2.36,4.75,9.50,16.00,30.00,55.00,10.00,5.00,1050.0,34.29
52.5,3.15,310.0,192.0,830.0,2,2.62,2.36,4.75,9.50,16.00,30.00,55.00,10.00,5.00,1012.0,27.83
52.5,3.15,331.0,192.0,821.0,2,2.62,2.36,4.75,9.50,16.00,30.00,55.00,10.00,5.00,1025.0,31.74
52.5,3.15,500.0,200.0,613.0,2,2.62,2.36,4.75,9.50,16.00,30.00,55.00,10.00,5.00,1125.0,44.09
52.5,3.15,540.0,173.0,613.0,2,2.62,2.36,4.75,9.50,16.00,30.00,55.00,10.00,5.00,1125.0,67.31
52.5,3.15,350.0,203.0,775.0,2,2.62,2.36,4.75,9.50,16.00,30.00,55.00,10.00,5.00,974.0,27.34
52.5,3.15,385.0,186.0,763.0,2,2.62,2.36,4.75,9.50,16.00,30.00,55.00,10.00,5.00,966.0,31.35
52.5,3.15,382.0,186.0,739.0,2,2.62,2.36,4.75,9.50,16.00,30.00,55.00,10.00,5.00,1047.0,37.42
52.5,3.15,281.0,186.0,774.0,2,2.62,2.36,4.75,9.50,16.00,30.00,55.00,10.00,5.00,1104.0,22.44
52.5,3.15,339.0,185.0,754.0,2,2.62,2.36,4.75,9.50,16.00,30.00,55.00,10.00,5.00,1069.0,31.84
52.5,3.15,295.0,185.0,769.0,2,2.62,2.36,4.75,9.50,16.00,30.00,55.00,10.00,5.00,1069.0,25.18
52.5,3.15,238.0,185.0,789.0,2,2.62,2.36,4.75,9.50,16.00,30.00,55.00,10.00,5.00,1118.0,17.54
52.5,3.15,296.0,192.0,765.0,2,2.62,2.36,4.75,9.50,16.00,30.00,55.00,10.00,5.00,1085.0,21.65
52.5,3.15,331.0,192.0,825.0,2,2.62,2.36,4.75,9.50,16.00,30.00,55.00,10.00,5.00,978.0,31.45
52.5,3.15,349.0,192.0,806.0,2,2.62,2.36,4.75,9.50,16.00,30.00,55.00,10.00,5.00,1047.0,32.72
52.5,3.15,252.0,185.0,784.0,2,2.62,2.36,4.75,9.50,16.00,30.00,55.00,10.00,5.00,1111.0,19.69
52.5,3.15,339.0,185.0,754.0,2,2.62,2.36,4.75,9.50,16.00,30.00,55.00,10.00,5.00,1060.0,31.65
52.5,3.15,393.0,192.0,758.0,2,2.62,2.36,4.75,9.50,16.00,30.00,55.00,10.00,5.00,940.0,39.58
52.5,3.15,382.0,185.0,739.0,2,2.62,2.36,4.75,9.50,16.00,30.00,55.00,10.00,5.00,1047.0,37.42
52.5,3.15,252.0,185.0,784.0,2,2.62,2.36,4.75,9.50,16.00,30.00,55.00,10.00,5.00,1111.0,19.69
52.5,3.15,310.0,192.0,850.0,2,2.62,2.36,4.75,9.50,16.00,30.00,55.00,10.00,5.00,970.0,27.92
52.5,3.15,525.0,189.0,613.0,2,2.62,2.36,4.75,9.50,16.00,30.00,55.00,10.00,5.00,1125.0,55.94
52.5,3.15,322.0,203.0,800.0,2,2.62,2.36,4.75,9.50,16.00,30.00,55.00,10.00,5.00,974.0,25.18
52.5,3.15,302.0,203.0,817.0,2,2.62,2.36,4.75,9.50,16.00,30.00,55.00,10.00,5.00,974.0,21.75
52.5,3.15,397.0,185.0,734.0,2,2.62,2.36,4.75,9.50,16.00,30.00,55.00,10.00,5.00,1040.0,39.09
52.5,3.15,522.0,146.0,896.0,2,2.62,2.36,4.75,9.50,16.00,30.00,55.00,10.00,5.00,896.0,74.99
52.5,3.15,374.0,190.0,730.0,2,2.62,2.36,4.75,9.50,16.00,30.00,55.00,10.00,5.00,1013.0,39.05
52.5,3.15,336.0,182.0,817.0,2,2.62,2.36,4.75,9.50,16.00,30.00,55.00,10.00,5.00,986.0,44.86
52.5,3.15,313.0,178.0,822.0,2,2.62,2.36,4.75,9.50,16.00,30.00,55.00,10.00,5.00,1000.0,25.10
52.5,3.15,336.5,181.9,816.8,2,2.62,2.36,4.75,9.50,16.00,30.00,55.00,10.00,5.00,985.8,44.87
52.5,3.15,312.7,178.1,822.2,2,2.62,2.36,4.75,9.50,16.00,30.00,55.00,10.00,5.00,999.7,25.10
52.5,3.15,374.3,190.2,730.4,2,2.62,2.36,4.75,9.50,16.00,30.00,55.00,10.00,5.00,1013.2,39.06
52.5,3.15,425.0,170.0,722.0,3,2.79,4.75,6.00,9.50,16.00,17.00,53.00,25.00,5.00,1083.0,63.20
52.5,3.15,550.0,165.0,640.0,3,2.79,4.75,6.00,9.50,16.00,17.00,53.00,25.00,5.00,1045.0,78.30
52.5,3.15,640.0,160.0,587.0,3,2.79,4.75,6.00,9.50,16.00,17.00,53.00,25.00,5.00,1043.0,85.60
52.5,3.12,325.0,180.0,630.0,1,2.65,4.00,6.00,10.00,12.00,22.00,46.00,22.00,10.00,1255.0,34.70
52.5,3.12,350.0,160.0,600.0,1,2.65,4.00,6.00,10.00,12.00,22.00,46.00,22.00,10.00,1255.0,49.40
52.5,3.12,400.0,120.0,550.0,1,2.65,4.00,6.00,10.00,12.00,22.00,46.00,22.00,10.00,1300.0,94.30
52.5,3.13,250.0,123.0,824.0,1,2.62,6.00,12.00,16.50,19.00,17.99,31.99,16.66,33.36,1274.0,28.16
52.5,3.13,350.0,172.0,738.0,1,2.62,6.00,12.00,16.50,19.00,17.99,31.99,16.66,33.36,1142.0,48.99
52.5,3.15,430.0,172.0,687.0,1,2.65,4.75,6.00,9.50,9.50,31.00,12.00,45.00,12.00,1030.0,48.30
52.5,3.15,495.0,149.0,615.0,1,2.65,4.75,6.00,9.50,9.50,31.00,12.00,45.00,12.00,1168.0,55.30
32.5,3.12,350.0,175.0,801.2,5,2.62,2.00,9.60,19.00,25.00,12.00,20.00,33.00,35.00,1066.1,35.50
42.5,3.15,370.0,185.0,782.8,5,2.62,2.00,9.60,19.00,25.00,12.00,20.00,33.00,35.00,1041.7,33.60
42.5,3.15,370.0,188.7,778.7,5,2.62,2.00,9.60,19.00,25.00,12.00,20.00,33.00,35.00,1036.2,34.90
32.5,3.12,370.0,199.8,766.2,5,2.62,2.00,9.60,19.00,25.00,12.00,20.00,33.00,35.00,1019.6,39.00
32.5,3.12,370.0,188.7,778.7,5,2.62,2.00,9.60,19.00,25.00,12.00,20.00,33.00,35.00,1036.2,52.20
35.0,3.12,500.0,180.0,523.7,3,2.72,2.00,5.00,8.00,11.00,25.00,25.00,28.57,21.43,1221.9,48.40
35.0,3.12,500.0,180.0,570.6,4,2.80,2.00,5.00,8.00,11.00,28.82,28.82,24.20,18.15,1330.2,52.30
35.0,3.12,454.0,113.0,611.8,4,2.80,2.00,5.00,8.00,11.00,28.82,28.82,24.20,18.15,1426.3,85.10
42.5,3.16,353.0,214.0,667.0,1,2.62,10.00,12.60,15.60,19.00,20.00,36.00,26.00,18.00,1086.0,48.30
42.5,3.16,353.0,221.0,667.0,1,2.62,10.00,12.60,15.60,19.00,20.00,36.00,26.00,18.00,1080.0,40.20
42.5,3.16,353.0,209.0,667.0,1,2.62,10.00,12.60,15.60,19.00,20.00,36.00,26.00,18.00,1093.0,46.00
52.5,3.16,300.0,165.0,765.0,3,2.67,4.00,6.60,10.00,16.00,47.97,24.44,13.79,13.79,1207.0,42.00
52.5,3.16,325.0,178.7,710.5,3,2.67,4.00,6.60,10.00,16.00,47.23,24.06,14.35,14.35,1206.9,60.00
32.5,3.12,362.0,188.0,615.0,1,2.56,2.38,6.60,9.50,12.50,40.00,30.00,15.00,15.00,1195.0,29.60
42.5,3.12,380.0,155.8,668.0,1,2.56,2.38,6.60,9.50,12.50,40.00,30.00,15.00,15.00,1188.0,59.40
42.5,3.16,410.0,225.0,642.0,2,2.62,10.00,12.00,12.00,16.00,40.00,40.00,10.00,10.00,1048.0,48.60
32.5,3.12,300.0,148.0,800.0,2,2.62,5.00,8.00,9.60,11.00,29.17,19.25,9.92,41.67,1200.0,44.10
32.5,3.12,454.0,195.0,568.0,2,2.60,5.00,9.60,11.00,16.00,20.00,40.00,25.00,15.00,1183.0,30.00
52.5,3.16,400.0,180.0,708.0,2,2.62,10.00,12.00,14.00,16.00,40.00,25.00,20.00,15.00,1108.0,66.80
52.5,3.16,410.0,225.0,642.0,2,2.62,10.00,12.00,14.00,16.00,40.00,25.00,20.00,15.00,1048.0,48.60
52.5,3.16,360.0,234.0,705.0,4,2.84,9.00,9.00,12.00,12.00,23.65,15.46,15.46,45.42,1100.0,22.70
52.5,3.16,380.0,190.0,705.0,4,2.84,9.00,9.00,12.00,12.00,23.65,15.46,15.46,45.42,1100.0,32.30
52.5,3.16,400.0,192.0,705.0,4,2.84,9.00,9.00,12.00,12.00,23.65,15.46,15.46,45.42,1100.0,36.00
52.5,3.16,420.0,181.0,705.0,4,2.84,9.00,9.00,12.00,12.00,23.65,15.46,15.46,45.42,1100.0,46.00
52.5,3.16,460.0,184.0,705.0,4,2.84,9.00,9.00,12.00,12.00,23.65,15.46,15.46,45.42,1100.0,53.50
42.5,3.15,263.0,184.0,835.0,3,2.70,6.00,9.60,12.00,20.00,52.00,24.00,12.00,12.00,1080.0,18.00
42.5,3.15,431.0,149.0,765.0,3,2.70,6.00,9.60,12.00,20.00,52.00,24.00,12.00,12.00,1060.0,37.00
42.5,3.15,452.0,155.0,875.0,3,2.70,6.00,9.60,12.00,20.00,52.00,24.00,12.00,12.00,960.0,48.00
52.5,3.16,410.0,225.0,642.0,1,2.62,10.00,12.00,16.00,19.00,8.00,38.00,42.00,12.00,1048.0,48.60
42.5,3.15,380.0,190.0,713.9,1,2.65,4.00,9.60,12.00,16.00,17.00,36.00,35.00,12.00,1003.8,45.25
32.5,3.10,337.0,185.0,647.0,4,2.84,2.36,4.75,9.50,19.00,25.00,50.00,20.00,5.00,1053.0,26.80
32.5,3.10,390.0,185.0,558.0,4,2.84,2.36,4.75,9.50,19.00,25.00,50.00,20.00,5.00,1301.0,34.30
32.5,3.10,430.0,185.0,555.0,4,2.84,2.36,4.75,9.50,19.00,25.00,50.00,20.00,5.00,1395.0,38.60
32.5,3.30,372.0,186.0,617.0,4,2.87,4.75,9.50,16.00,19.00,29.00,35.00,16.00,20.00,1287.8,28.25
32.5,3.12,270.0,175.0,1000.0,3,2.72,4.75,6.00,9.50,16.00,22.00,58.00,12.00,8.00,900.0,20.00
32.5,3.12,370.0,165.0,865.0,3,2.72,4.75,6.00,9.50,16.00,22.00,58.00,12.00,8.00,1010.0,40.00
42.5,3.15,275.0,178.8,918.5,3,2.72,4.00,8.00,12.00,16.00,30.00,35.00,25.00,10.00,943.8,41.49
42.5,3.15,380.0,190.0,781.4,3,2.72,4.00,8.00,12.00,16.00,30.00,35.00,25.00,10.00,973.4,58.12
42.5,3.15,430.0,193.0,808.0,3,2.70,4.00,6.00,9.50,16.00,28.00,38.00,28.00,6.00,835.0,35.20
42.5,3.14,400.0,180.0,694.0,3,2.73,4.75,9.50,12.00,16.00,21.00,26.00,33.00,20.00,1041.0,39.30
42.5,3.16,346.0,180.0,780.0,3,2.71,4.75,9.50,12.00,16.00,21.00,26.00,33.00,20.00,1076.0,44.30
42.5,3.16,476.0,180.0,680.0,3,2.71,4.75,9.50,12.00,16.00,21.00,26.00,33.00,20.00,1076.0,67.30
32.5,3.14,430.0,184.9,555.0,3,2.71,2.36,4.75,9.50,19.00,20.00,50.00,25.00,5.00,1295.0,42.10
42.5,3.16,300.0,179.0,611.0,3,2.71,4.00,8.00,16.00,25.00,28.40,27.05,24.55,20.00,1291.0,36.60
42.5,3.16,353.0,182.0,596.0,3,2.71,4.00,8.00,16.00,25.00,34.62,27.69,17.69,20.00,1258.0,41.80
42.5,3.16,402.0,188.0,579.0,3,2.71,4.00,8.00,16.00,25.00,20.00,35.00,25.00,20.00,1219.0,48.60
42.5,3.16,350.0,193.0,735.0,3,2.68,5.80,9.50,16.00,19.00,25.00,35.00,28.00,12.00,1061.0,30.00
42.5,3.16,350.0,158.0,770.0,3,2.68,5.80,9.50,16.00,19.00,25.00,35.00,28.00,12.00,1111.0,37.60
42.5,3.16,350.0,133.0,796.0,3,2.68,5.80,9.50,16.00,19.00,25.00,35.00,28.00,12.00,1149.0,43.40
42.5,3.16,350.0,189.0,744.5,1,2.64,2.00,6.00,9.50,12.00,69.00,8.00,8.00,15.00,1049.2,39.00
42.5,3.16,350.0,157.5,744.8,1,2.64,2.00,6.00,9.50,12.00,69.00,8.00,8.00,15.00,1091.9,55.00
42.5,3.16,350.0,140.0,793.8,1,2.64,2.00,6.00,9.50,12.00,69.00,8.00,8.00,15.00,1118.6,64.00
42.5,3.16,360.0,219.0,655.0,1,2.64,4.75,9.50,19.00,26.50,25.00,20.00,35.00,20.00,1162.0,44.60
52.5,3.16,380.0,135.4,927.0,1,2.68,4.00,9.50,16.00,19.00,10.00,30.00,45.00,15.00,1086.6,102.09
52.5,3.11,360.0,180.0,703.0,1,2.51,4.00,7.00,10.00,16.00,15.00,45.00,25.00,15.00,1038.0,38.00
45.0,3.14,386.0,164.0,659.0,1,2.72,2.000,4.75,8.00,9.60,39.84,14.00,36.47,9.69,1224.0,49.50
30.0,3.12,550.0,190.0,587.0,1,2.72,2.000,4.75,8.00,9.60,39.85,14.00,36.46,9.69,1090.0,59.10
45.0,3.14,550.0,200.0,561.0,1,2.72,2.000,4.75,8.00,9.60,58.30,20.48,16.76,4.45,1089.0,72.40
30.0,3.12,290.0,145.0,706.0,1,2.72,2.000,4.75,8.00,9.60,39.85,14.00,36.46,9.69,1311.0,43.00
50.0,3.15,571.0,145.0,530.0,1,2.72,2.000,4.75,8.00,9.60,41.37,14.53,34.84,9.26,1127.0,75.30
45.0,3.14,571.0,145.0,498.0,1,2.80,2.000,4.75,8.00,9.60,40.97,14.40,35.26,9.37,1313.0,81.80
52.5,3.16,571.0,145.0,742.0,1,2.62,5.000,8.00,9.60,11.00,34.43,22.72,11.70,31.15,915.0,75.30
32.5,3.12,300.0,149.0,753.0,1,2.65,2.000,4.75,9.60,11.00,35.11,17.20,8.86,38.83,1424.0,54.90
42.5,3.16,500.0,123.0,765.0,1,2.65,2.000,4.75,9.60,11.00,39.94,22.85,11.77,25.44,1352.0,94.60
52.5,3.16,410.0,205.0,662.0,1,2.62,10.000,12.00,16.00,19.00,8.00,38.00,42.00,12.00,1081.0,62.80
52.5,3.16,400.0,180.0,708.0,1,2.62,10.000,12.00,16.00,19.00,8.00,38.00,42.00,12.00,1108.0,76.10
52.5,3.16,400.0,160.0,729.0,1,2.62,10.000,12.00,16.00,19.00,8.00,38.00,42.00,12.00,1140.0,81.80
42.5,3.16,271.0,160.0,861.0,1,2.71,2.360,4.75,9.50,16.00,35.00,36.00,24.00,5.00,1099.0,46.60
42.5,3.16,487.0,180.0,625.0,1,2.71,2.360,4.75,9.50,16.00,35.00,36.00,24.00,5.00,1099.0,71.00
42.5,3.16,350.0,168.0,864.0,1,2.57,6.000,11.00,16.00,20.00,25.00,25.00,25.00,25.00,936.0,49.20
42.6,3.16,413.0,206.0,606.0,1,2.70,2.380,4.75,9.50,16.00,25.00,45.00,25.00,5.00,1073.0,60.60
42.6,3.16,413.0,206.0,606.0,1,2.70,2.380,4.75,9.50,16.00,25.00,45.00,25.00,5.00,987.0,59.50
52.5,3.11,275.0,179.0,843.0,1,2.57,6.000,9.00,12.00,16.00,19.00,59.00,14.00,8.00,978.0,53.20
52.5,3.11,380.0,190.0,714.0,1,2.57,6.000,9.00,12.00,16.00,24.00,64.00,7.00,5.00,1004.0,46.70
52.5,3.11,325.0,179.0,875.0,1,2.62,6.000,9.00,12.00,16.00,14.00,61.00,16.00,9.00,1009.0,55.30
52.5,3.11,385.0,173.0,814.0,1,2.62,6.000,9.00,12.00,16.00,28.00,58.00,9.00,5.00,1039.0,59.50
52.5,3.11,275.0,179.0,948.0,1,2.62,6.000,9.00,12.00,16.00,22.00,32.00,28.00,18.00,1003.0,45.60
52.5,3.11,380.0,190.0,806.0,1,2.62,6.000,9.00,12.00,16.00,23.00,43.00,24.00,10.00,1032.0,53.20
42.5,3.10,300.0,160.0,952.6,1,2.55,4.750,9.50,12.00,16.00,10.00,20.00,20.00,50.00,910.1,40.20
52.5,3.11,275.0,179.0,843.0,1,2.57,6.000,9.00,12.00,16.00,24.61,52.29,15.02,8.09,978.0,56.10
52.5,3.11,380.0,190.0,714.0,1,2.57,6.000,9.00,12.00,16.00,28.11,59.74,7.90,4.25,1003.0,71.10
52.5,3.11,275.0,179.0,948.0,1,2.57,6.000,9.00,12.00,16.00,16.37,34.78,31.75,17.10,1003.0,71.10
52.5,3.11,380.0,190.0,806.0,1,2.57,6.000,9.00,12.00,16.00,21.77,46.26,20.78,11.19,1032.0,66.20
52.5,3.11,325.0,179.0,875.0,1,2.57,6.000,9.00,12.00,16.00,23.94,50.88,16.36,8.81,1009.0,69.10
52.5,3.11,385.0,173.0,814.0,1,2.57,6.000,9.00,12.00,16.00,26.83,57.00,10.51,5.66,1039.0,82.40
32.5,3.15,311.6,155.8,702.0,2,2.68,4.750,9.50,14.00,20.00,6.00,23.00,43.00,28.00,1274.2,15.20
32.5,3.15,311.6,155.8,702.0,2,2.68,4.750,9.50,14.00,20.00,5.94,22.77,40.59,30.69,1274.2,14.40
32.5,3.15,311.6,155.8,702.0,2,2.68,4.750,9.50,14.00,20.00,8.00,25.00,39.00,28.00,1274.2,11.70
32.5,3.12,375.0,246.0,656.0,1,2.75,5.000,6.00,7.00,8.00,15.00,35.00,35.00,15.00,1078.0,21.20
32.5,3.12,379.0,234.0,664.0,1,2.75,5.000,6.00,7.00,8.00,15.00,35.00,35.00,15.00,1090.0,25.30
32.5,3.12,376.0,242.0,658.0,1,2.75,5.000,6.00,7.00,8.00,15.00,35.00,35.00,15.00,1081.0,22.10
32.5,3.12,390.0,211.0,678.0,1,2.75,5.000,6.00,7.00,8.00,15.00,35.00,35.00,15.00,1113.0,34.20
32.5,3.12,383.0,225.0,670.0,1,2.75,5.000,6.00,7.00,8.00,15.00,35.00,35.00,15.00,1101.0,31.40
32.5,3.12,397.0,194.0,695.0,1,2.75,5.000,6.00,7.00,8.00,15.00,35.00,35.00,15.00,1142.0,39.50
32.5,3.12,389.0,205.0,681.0,1,2.75,5.000,6.00,7.00,8.00,15.00,35.00,35.00,15.00,1119.0,36.70
32.5,3.12,387.0,219.0,678.0,1,2.75,5.000,6.00,7.00,8.00,15.00,35.00,35.00,15.00,1114.0,34.80
32.5,3.12,384.0,208.0,673.0,1,2.75,5.000,6.00,7.00,8.00,15.00,35.00,35.00,15.00,1105.0,34.40
32.5,3.12,390.0,211.0,682.0,1,2.75,5.000,6.00,7.00,8.00,15.00,35.00,35.00,15.00,1121.0,36.10
32.5,3.12,386.0,208.0,676.0,1,2.75,5.000,6.00,7.00,8.00,15.00,35.00,35.00,15.00,1110.0,33.70
42.5,3.16,511.9,215.0,511.0,1,2.73,2.360,4.75,9.50,16.00,5.00,25.00,45.00,25.00,1137.4,46.60
42.5,3.14,273.0,175.0,821.0,1,2.64,2.36,4.75,9.50,16.00,30.00,36.00,28.00,6.00,967.0,15.68
42.5,3.14,290.0,786.0,819.0,1,2.64,2.36,4.75,9.50,16.00,30.00,36.00,28.00,6.00,926.0,15.68
42.5,3.14,299.0,792.0,818.0,1,2.64,2.36,4.75,9.50,16.00,30.00,36.00,28.00,6.00,904.0,15.68
42.5,3.14,294.0,174.0,798.0,1,2.64,2.36,4.75,9.50,16.00,30.00,36.00,28.00,6.00,975.0,17.64
42.5,3.14,310.0,184.0,798.0,1,2.64,2.36,4.75,9.50,16.00,30.00,36.00,28.00,6.00,936.0,17.64
42.5,3.14,321.0,191.0,796.0,1,2.64,2.36,4.75,9.50,16.00,30.00,36.00,28.00,6.00,910.0,17.64
42.5,3.14,322.0,172.0,770.0,1,2.64,2.36,4.75,9.50,16.00,30.00,36.00,28.00,6.00,986.0,20.58
42.5,3.14,343.0,183.0,767.0,1,2.64,2.36,4.75,9.50,16.00,30.00,36.00,28.00,6.00,944.0,20.58
42.5,3.14,354.0,189.0,767.0,1,2.64,2.36,4.75,9.50,16.00,30.00,36.00,28.00,6.00,919.0,20.58
42.5,3.14,353.0,172.0,743.0,1,2.64,2.36,4.75,9.50,16.00,30.00,36.00,28.00,6.00,991.0,23.52
42.5,3.14,373.0,181.0,741.0,1,2.64,2.36,4.75,9.50,16.00,30.00,36.00,28.00,6.00,950.0,23.52
42.5,3.14,385.0,187.0,740.0,1,2.64,2.36,4.75,9.50,16.00,30.00,36.00,28.00,6.00,925.0,23.52
42.5,3.14,383.0,170.0,720.0,1,2.64,2.36,4.75,9.50,16.00,30.00,36.00,28.00,6.00,994.0,26.46
42.5,3.14,407.0,180.0,717.0,1,2.64,2.36,4.75,9.50,16.00,30.00,36.00,28.00,6.00,949.0,26.46
42.5,3.14,420.0,186.0,715.0,1,2.64,2.36,4.75,9.50,16.00,30.00,36.00,28.00,6.00,923.0,26.46
42.5,3.14,413.0,169.0,699.0,1,2.64,2.36,4.75,9.50,16.00,30.00,36.00,28.00,6.00,993.0,29.40
42.5,3.14,438.0,179.0,695.0,1,2.64,2.36,4.75,9.50,16.00,30.00,36.00,28.00,6.00,947.0,29.40
42.5,3.14,567.0,182.0,628.0,1,2.64,2.36,4.75,9.50,16.00,30.00,36.00,28.00,6.00,899.0,39.20
42.5,3.14,287.0,171.0,798.0,1,2.64,2.36,4.75,9.50,16.00,30.00,36.00,28.00,6.00,991.0,17.64
42.5,3.14,315.0,169.0,771.0,1,2.64,2.36,4.75,9.50,16.00,30.00,36.00,28.00,6.00,1003.0,20.58
42.5,3.14,343.0,167.0,745.0,1,2.64,2.36,4.75,9.50,16.00,30.00,36.00,28.00,6.00,1010.0,23.52
42.5,3.14,373.0,166.0,722.0,1,2.64,2.36,4.75,9.50,16.00,30.00,36.00,28.00,6.00,1011.0,26.46
42.5,3.14,403.0,165.0,700.0,1,2.64,2.36,4.75,9.50,16.00,30.00,36.00,28.00,6.00,1010.0,29.40
42.5,3.14,300.0,178.0,798.0,1,2.64,2.36,4.75,9.50,16.00,30.00,36.00,28.00,6.00,959.0,17.64
42.5,3.14,329.0,176.0,770.0,1,2.64,2.36,4.75,9.50,16.00,30.00,36.00,28.00,6.00,970.0,20.58
42.5,3.14,361.0,175.0,742.0,1,2.64,2.36,4.75,9.50,16.00,30.00,36.00,28.00,6.00,974.0,23.52
42.5,3.14,394.0,174.0,718.0,1,2.64,2.36,4.75,9.50,16.00,30.00,36.00,28.00,6.00,974.0,26.46
42.5,3.14,421.0,172.0,698.0,1,2.64,2.36,4.75,9.50,16.00,30.00,36.00,28.00,6.00,975.0,29.40
42.5,3.15,266.0,168.0,923.0,1,2.63,2.36,4.75,9.50,16.00,30.00,36.00,28.00,6.00,908.0,15.68
42.5,3.15,279.0,176.0,898.0,1,2.63,2.36,4.75,9.50,16.00,30.00,36.00,28.00,6.00,901.0,15.68
42.5,3.15,287.0,181.0,883.0,1,2.63,2.36,4.75,9.50,16.00,30.00,36.00,28.00,6.00,896.0,15.68
42.5,3.15,286.0,168.0,899.0,1,2.63,2.36,4.75,9.50,16.00,30.00,36.00,28.00,6.00,916.0,17.64
42.5,3.15,300.0,175.0,874.0,1,2.63,2.36,4.75,9.50,16.00,30.00,36.00,28.00,6.00,914.0,17.64
42.5,3.15,309.0,180.0,859.0,1,2.63,2.36,4.75,9.50,16.00,30.00,36.00,28.00,6.00,905.0,17.64
42.5,3.15,315.0,166.0,868.0,1,2.63,2.36,4.75,9.50,16.00,30.00,36.00,28.00,6.00,929.0,20.58
42.5,3.15,331.0,174.0,842.0,1,2.63,2.36,4.75,9.50,16.00,30.00,36.00,28.00,6.00,918.0,20.58
42.5,3.15,339.0,178.0,829.0,1,2.63,2.36,4.75,9.50,16.00,30.00,36.00,28.00,6.00,915.0,20.58
42.5,3.15,340.0,166.0,844.0,1,2.63,2.36,4.75,9.50,16.00,30.00,36.00,28.00,6.00,932.0,23.52
42.5,3.15,356.0,173.0,819.0,1,2.63,2.36,4.75,9.50,16.00,30.00,36.00,28.00,6.00,923.0,23.52
42.5,3.15,367.0,178.0,805.0,1,2.63,2.36,4.75,9.50,16.00,30.00,36.00,28.00,6.00,917.0,23.52
42.5,3.15,365.0,165.0,823.0,1,2.63,2.36,4.75,9.50,16.00,30.00,36.00,28.00,6.00,935.0,26.46
42.5,3.15,381.0,172.0,799.0,1,2.63,2.36,4.75,9.50,16.00,30.00,36.00,28.00,6.00,926.0,26.46
42.5,3.15,392.0,177.0,784.0,1,2.63,2.36,4.75,9.50,16.00,30.00,36.00,28.00,6.00,919.0,26.46
42.5,3.15,392.0,164.0,802.0,1,2.63,2.36,4.75,9.50,16.00,30.00,36.00,28.00,6.00,937.0,29.40
42.5,3.15,412.0,172.0,776.0,1,2.63,2.36,4.75,9.50,16.00,30.00,36.00,28.00,6.00,925.0,29.40
42.5,3.15,423.0,176.0,761.0,1,2.63,2.36,4.75,9.50,16.00,30.00,36.00,28.00,6.00,918.0,29.40
42.5,3.15,440.0,163.0,769.0,1,2.63,2.36,4.75,9.50,16.00,30.00,36.00,28.00,6.00,932.0,34.30
42.5,3.15,461.0,171.0,745.0,1,2.63,2.36,4.75,9.50,16.00,30.00,36.00,28.00,6.00,920.0,34.30
42.5,3.15,474.0,175.0,729.0,1,2.63,2.36,4.75,9.50,16.00,30.00,36.00,28.00,6.00,911.0,34.30
42.5,3.15,487.0,162.0,740.0,1,2.63,2.36,4.75,9.50,16.00,30.00,36.00,28.00,6.00,925.0,39.20
42.5,3.15,514.0,171.0,711.0,1,2.63,2.36,4.75,9.50,16.00,30.00,36.00,28.00,6.00,908.0,39.20
42.5,3.15,528.0,175.0,696.0,1,2.63,2.36,4.75,9.50,16.00,30.00,36.00,28.00,6.00,900.0,39.20
42.5,3.15,279.0,164.0,910.0,1,2.63,2.36,4.75,9.50,16.00,30.00,36.00,28.00,6.00,920.0,17.64
42.5,3.15,310.0,163.0,878.0,1,2.63,2.36,4.75,9.50,16.00,30.00,36.00,28.00,6.00,931.0,20.58
42.5,3.15,332.0,162.0,856.0,1,2.63,2.36,4.75,9.50,16.00,30.00,36.00,28.00,6.00,937.0,23.52
42.5,3.15,358.0,162.0,833.0,1,2.63,2.36,4.75,9.50,16.00,30.00,36.00,28.00,6.00,939.0,26.46
42.5,3.13,321.0,180.0,858.0,1,2.73,5.00,10.00,19.00,26.50,10.00,20.00,50.00,20.00,1091.0,54.20
42.5,3.13,321.0,180.0,858.0,1,2.73,5.00,10.00,19.00,26.50,10.00,20.00,50.00,20.00,1091.0,50.90
42.5,3.13,321.0,180.0,858.0,1,2.73,5.00,10.00,19.00,26.50,10.00,20.00,50.00,20.00,1091.0,51.50
42.5,3.13,404.0,180.0,673.0,1,2.73,5.00,10.00,19.00,26.50,10.00,20.00,50.00,20.00,1197.0,41.20
42.5,3.13,404.0,180.0,673.0,1,2.73,5.00,10.00,19.00,26.50,10.00,20.00,50.00,20.00,1197.0,41.30
42.5,3.13,404.0,180.0,673.0,1,2.73,5.00,10.00,19.00,26.50,10.00,20.00,50.00,20.00,1197.0,40.50
42.5,3.13,462.0,185.0,613.0,1,2.73,5.00,10.00,19.00,26.50,10.00,20.00,50.00,20.00,1190.0,52.90
42.5,3.13,462.0,185.0,613.0,1,2.73,5.00,10.00,19.00,26.50,10.00,20.00,50.00,20.00,1190.0,61.70
42.5,3.13,462.0,185.0,613.0,1,2.73,5.00,10.00,19.00,26.50,10.00,20.00,50.00,20.00,1190.0,57.70
42.5,3.13,531.0,170.0,525.0,1,2.77,5.00,8.00,10.00,16.00,19.00,28.00,32.00,21.00,1224.0,58.00
52.5,3.15,479.0,191.6,485.8,4,2.74,4.75,9.50,16.00,19.00,18.00,26.00,35.00,21.00,1197.0,44.59
52.5,3.15,618.0,185.4,270.8,4,2.74,4.75,9.50,16.00,19.00,18.00,26.00,35.00,21.00,1338.5,52.74
42.5,3.10,400.0,180.0,600.0,3,2.70,4.75,9.50,16.00,19.00,18.00,26.00,35.00,21.00,1200.0,34.55
42.5,3.10,390.0,195.0,588.0,3,2.70,4.75,9.50,16.00,19.00,18.00,26.00,35.00,21.00,1170.0,32.49
42.5,3.10,380.0,209.0,570.0,3,2.70,4.75,9.50,16.00,19.00,18.00,26.00,35.00,21.00,1140.0,32.39
42.5,3.10,370.0,222.0,555.0,3,2.70,4.75,9.50,16.00,19.00,18.00,26.00,35.00,21.00,1110.0,31.54
42.5,3.10,360.0,234.0,540.0,3,2.70,4.75,9.50,16.00,19.00,18.00,26.00,35.00,21.00,1080.0,30.90
42.5,3.10,350.0,245.0,525.0,3,2.70,4.75,9.50,16.00,19.00,18.00,26.00,35.00,21.00,1050.0,29.88
42.5,3.10,325.0,146.0,650.0,3,2.70,4.75,9.50,16.00,19.00,18.00,26.00,35.00,21.00,1300.0,30.64
42.5,3.10,320.0,160.0,640.0,3,2.70,4.75,9.50,16.00,19.00,18.00,26.00,35.00,21.00,1280.0,29.01
42.5,3.10,315.0,173.0,630.0,3,2.70,4.75,9.50,16.00,19.00,18.00,26.00,35.00,21.00,1260.0,28.09
42.5,3.10,310.0,186.0,620.0,3,2.70,4.75,9.50,16.00,19.00,18.00,26.00,35.00,21.00,1240.0,26.46
42.5,3.10,305.0,198.0,610.0,3,2.70,4.75,9.50,16.00,19.00,18.00,26.00,35.00,21.00,1220.0,25.12
42.5,3.10,300.0,210.0,600.0,3,2.70,4.75,9.50,16.00,19.00,18.00,26.00,35.00,21.00,1200.0,23.82
42.5,3.10,517.0,233.0,517.0,3,2.70,4.75,9.50,16.00,19.00,18.00,26.00,35.00,21.00,1034.0,41.54
42.5,3.10,504.0,252.0,504.0,3,2.70,4.75,9.50,16.00,19.00,18.00,26.00,35.00,21.00,1008.0,40.34
42.5,3.10,491.0,270.0,491.0,3,2.70,4.75,9.50,16.00,19.00,18.00,26.00,35.00,21.00,982.0,37.61
42.5,3.10,479.0,287.0,479.0,3,2.70,4.75,9.50,16.00,19.00,18.00,26.00,35.00,21.00,958.0,36.91
42.5,3.10,468.0,304.0,468.0,3,2.70,4.75,9.50,16.00,19.00,18.00,26.00,35.00,21.00,936.0,35.60
42.5,3.10,457.0,320.0,457.0,3,2.70,4.75,9.50,16.00,19.00,18.00,26.00,35.00,21.00,914.0,35.02
42.5,3.15,400.0,200.0,763.0,3,2.65,4.75,9.50,16.00,19.00,18.00,26.00,35.00,21.00,992.0,30.70
42.5,3.15,420.0,210.0,626.5,3,2.65,4.75,9.50,16.00,19.00,18.00,26.00,35.00,21.00,1163.5,33.70
42.5,3.15,420.0,210.0,567.0,3,2.65,4.75,9.50,16.00,19.00,18.88,27.27,36.72,17.13,1621.5,32.00
42.5,3.15,400.0,200.0,680.0,3,2.65,4.75,9.50,16.00,19.00,18.00,26.00,35.00,21.00,1020.0,35.10
43.0,3.15,453.5,181.4,707.5,1,2.63,4.75,9.50,12.00,14.00,14.00,26.00,32.00,28.00,1061.3,51.12
43.0,3.15,404.6,161.8,744.4,1,2.63,4.75,9.50,12.00,14.00,14.00,26.00,32.00,28.00,1116.6,50.60
43.0,3.15,365.1,146.0,774.0,1,2.63,4.75,9.50,12.00,14.00,14.00,26.00,32.00,28.00,1161.1,43.22
43.0,3.15,332.7,133.1,798.5,1,2.63,4.75,9.50,12.00,14.00,14.00,26.00,32.00,28.00,1197.7,41.59
43.0,3.15,444.6,177.8,641.5,1,2.63,4.75,9.50,12.00,14.00,14.00,26.00,32.00,28.00,1092.3,51.40
43.0,3.15,320.5,128.2,673.1,1,2.63,4.75,9.50,12.00,14.00,14.00,26.00,32.00,28.00,1250.0,36.00
43.0,3.15,425.0,170.0,497.2,1,2.63,4.75,9.50,12.00,14.00,14.00,26.00,32.00,28.00,1160.1,49.41
43.0,3.15,377.8,151.1,521.4,1,2.63,4.75,9.50,12.00,14.00,14.00,26.00,32.00,28.00,1216.6,46.40
43.0,3.15,340.1,136.0,540.7,1,2.63,4.75,9.50,12.00,14.00,14.00,26.00,32.00,28.00,1261.7,38.70
43.0,3.15,309.2,123.7,556.6,1,2.63,4.75,9.50,12.00,14.00,14.00,26.00,32.00,28.00,1298.7,36.20
43.0,3.15,429.3,193.2,669.6,1,2.63,4.75,9.50,12.00,14.00,14.00,26.00,32.00,28.00,1004.5,47.48
43.0,3.15,383.1,172.4,705.0,1,2.63,4.75,9.50,12.00,14.00,14.00,26.00,32.00,28.00,1057.5,46.95
43.0,3.15,346.0,155.7,733.5,1,2.63,4.75,9.50,12.00,14.00,14.00,26.00,32.00,28.00,1100.2,45.29
43.0,3.15,315.4,141.9,756.9,1,2.63,4.75,9.50,12.00,14.00,14.00,26.00,32.00,28.00,1135.4,43.79
43.0,3.15,421.2,189.5,607.8,1,2.63,4.75,9.50,12.00,14.00,14.00,26.00,32.00,28.00,1034.9,47.84
43.0,3.15,375.6,169.0,639.3,1,2.63,4.75,9.50,12.00,14.00,14.00,26.00,32.00,28.00,1088.5,47.10
43.0,3.15,338.9,152.5,664.6,1,2.63,4.75,9.50,12.00,14.00,14.00,26.00,32.00,28.00,1131.5,46.23
43.0,3.15,308.7,138.9,685.4,1,2.63,4.75,9.50,12.00,14.00,14.00,26.00,32.00,28.00,1167.0,44.10
43.0,3.15,416.0,187.2,567.9,1,2.63,4.75,9.50,12.00,14.00,14.00,26.00,32.00,28.00,1054.6,41.05
43.0,3.15,370.7,166.8,596.9,1,2.63,4.75,9.50,12.00,14.00,14.00,26.00,32.00,28.00,1108.5,38.87
43.0,3.15,334.3,150.4,620.2,1,2.63,4.75,9.50,12.00,14.00,14.00,26.00,32.00,28.00,1151.7,36.50
43.0,3.15,304.4,137.0,639.3,1,2.63,4.75,9.50,12.00,14.00,14.00,26.00,32.00,28.00,1187.3,34.12
43.0,3.15,403.6,181.6,472.2,1,2.63,4.75,9.50,12.00,14.00,14.00,26.00,32.00,28.00,1101.7,38.60
43.0,3.15,359.1,161.6,495.5,1,2.63,4.75,9.50,12.00,14.00,14.00,26.00,32.00,28.00,1156.2,37.20
43.0,3.15,323.4,145.5,514.2,1,2.63,4.75,9.50,12.00,14.00,14.00,26.00,32.00,28.00,1199.9,36.10
43.0,3.15,294.2,132.4,529.6,1,2.63,4.75,9.50,12.00,14.00,14.00,26.00,32.00,28.00,1235.7,32.60
43.0,3.15,407.4,203.7,635.6,1,2.63,4.75,9.50,12.00,14.00,14.00,26.00,32.00,28.00,953.4,42.18
43.0,3.15,363.9,181.9,669.5,1,2.63,4.75,9.50,12.00,14.00,14.00,26.00,32.00,28.00,1004.3,40.31
43.0,3.15,328.7,164.4,696.9,1,2.63,4.75,9.50,12.00,14.00,14.00,26.00,32.00,28.00,1045.4,39.45
43.0,3.15,299.8,149.9,719.5,1,2.63,4.75,9.50,12.00,14.00,14.00,26.00,32.00,28.00,1079.2,35.36
43.0,3.15,400.2,200.1,577.5,1,2.63,4.75,9.50,12.00,14.00,14.00,26.00,32.00,28.00,983.3,43.19
43.0,3.15,357.1,178.5,607.7,1,2.63,4.75,9.50,12.00,14.00,14.00,26.00,32.00,28.00,1034.8,40.92
43.0,3.15,322.3,161.2,632.1,1,2.63,4.75,9.50,12.00,14.00,14.00,26.00,32.00,28.00,1076.3,40.20
43.0,3.15,293.8,146.9,652.1,1,2.63,4.75,9.50,12.00,14.00,14.00,26.00,32.00,28.00,1110.4,36.23
43.0,3.15,395.5,197.7,539.9,1,2.63,4.75,9.50,12.00,14.00,14.00,26.00,32.00,28.00,1002.6,39.77
43.0,3.15,352.7,176.3,567.8,1,2.63,4.75,9.50,12.00,14.00,14.00,26.00,32.00,28.00,1054.5,38.23
43.0,3.15,318.2,159.1,590.3,1,2.63,4.75,9.50,12.00,14.00,14.00,26.00,32.00,28.00,1096.2,37.53
43.0,3.15,289.9,144.9,608.7,1,2.63,4.75,9.50,12.00,14.00,14.00,26.00,32.00,28.00,1130.5,33.50
43.0,3.15,384.2,192.1,449.5,1,2.63,4.75,9.50,12.00,14.00,14.00,26.00,32.00,28.00,1048.9,33.60
43.0,3.15,342.1,171.1,472.1,1,2.63,4.75,9.50,12.00,14.00,14.00,26.00,32.00,28.00,1101.6,32.50
43.0,3.15,308.3,154.2,490.2,1,2.63,4.75,9.50,12.00,14.00,14.00,26.00,32.00,28.00,1143.8,31.90
43.0,3.15,280.6,140.3,505.1,1,2.63,4.75,9.50,12.00,14.00,14.00,26.00,32.00,28.00,1178.5,30.60
43.0,3.15,369.9,221.9,577.0,1,2.63,4.75,9.50,12.00,14.00,14.00,26.00,32.00,28.00,865.5,32.40
43.0,3.15,330.6,198.4,608.4,1,2.63,4.75,9.50,12.00,14.00,14.00,26.00,32.00,28.00,912.6,31.90
43.0,3.15,360.0,216.0,491.4,1,2.63,4.75,9.50,12.00,14.00,14.00,26.00,32.00,28.00,912.6,32.00
43.0,3.15,321.4,192.8,517.4,1,2.63,4.75,9.50,12.00,14.00,14.00,26.00,32.00,28.00,960.9,31.70
43.0,3.15,290.2,174.1,538.3,1,2.63,4.75,9.50,12.00,14.00,14.00,26.00,32.00,28.00,999.8,31.20
43.0,3.15,264.6,158.7,555.6,1,2.63,4.75,9.50,12.00,14.00,14.00,26.00,32.00,28.00,1031.8,30.90
43.0,3.15,350.6,210.4,410.2,1,2.63,4.75,9.50,12.00,14.00,14.00,26.00,32.00,28.00,957.2,29.90
43.0,3.15,312.6,187.5,431.3,1,2.63,4.75,9.50,12.00,14.00,14.00,26.00,32.00,28.00,1006.5,28.60
43.0,3.15,282.0,169.2,448.3,1,2.63,4.75,9.50,12.00,14.00,14.00,26.00,32.00,28.00,1046.1,28.40
43.0,3.15,256.8,154.1,462.3,1,2.63,4.75,9.50,12.00,14.00,14.00,26.00,32.00,28.00,1078.7,28.80
43.0,3.12,350.0,179.9,487.2,1,2.62,4.25,6.00,10.00,16.00,19.00,35.00,38.00,8.00,1139.3,39.52
43.0,3.12,350.0,190.1,524.0,1,2.62,4.25,6.00,10.00,16.00,19.00,35.00,38.00,8.00,1198.4,31.66
43.0,3.12,375.0,180.0,466.9,1,2.62,4.25,6.00,10.00,16.00,19.00,35.00,38.00,8.00,1120.1,42.73
43.0,3.12,375.0,190.1,507.8,1,2.62,4.25,6.00,10.00,16.00,19.00,35.00,38.00,8.00,1194.4,40.69
43.0,3.12,400.0,180.0,440.0,1,2.62,4.25,6.00,10.00,16.00,19.00,35.00,38.00,8.00,1081.2,47.99
43.0,3.12,400.0,190.0,484.0,1,2.62,4.25,6.00,10.00,16.00,19.00,35.00,38.00,8.00,1166.0,44.89
43.0,3.12,425.0,179.8,416.9,1,2.62,4.25,6.00,10.00,16.00,19.00,35.00,38.00,8.00,1046.8,51.25
43.0,3.12,425.0,190.0,462.0,1,2.62,4.25,6.00,10.00,16.00,19.00,35.00,38.00,8.00,1137.7,49.05
43.0,3.12,450.0,189.9,439.7,1,2.62,4.25,6.00,10.00,16.00,19.00,35.00,38.00,8.00,1104.3,53.69
43.0,3.12,350.0,190.1,524.0,1,2.62,4.25,6.00,10.00,16.00,19.00,35.00,38.00,8.00,1198.4,36.64
43.0,3.12,375.0,190.1,507.8,1,2.62,4.25,6.00,10.00,16.00,19.00,35.00,38.00,8.00,1194.8,41.57
43.0,3.12,400.0,190.0,484.0,1,2.62,4.25,6.00,10.00,16.00,19.00,35.00,38.00,8.00,1166.4,46.22
43.0,3.12,425.0,190.0,462.0,1,2.62,4.25,6.00,10.00,16.00,19.00,35.00,38.00,8.00,1138.2,50.35
43.0,3.12,450.0,189.9,439.7,1,2.62,4.25,6.00,10.00,16.00,19.00,35.00,38.00,8.00,1103.4,54.11
43.0,3.12,375.0,199.9,592.9,1,2.62,4.25,6.00,10.00,16.00,19.00,35.00,38.00,8.00,1143.0,36.84
43.0,3.12,400.0,200.0,572.0,1,2.62,4.25,6.00,10.00,16.00,19.00,35.00,38.00,8.00,1129.6,43.13
43.0,3.12,400.0,210.0,617.2,1,2.62,4.25,6.00,10.00,16.00,19.00,35.00,38.00,8.00,1197.2,38.58
43.0,3.12,425.0,200.2,541.9,1,2.62,4.25,6.00,10.00,16.00,19.00,35.00,38.00,8.00,1094.4,47.16
43.0,3.12,425.0,210.0,593.7,1,2.62,4.25,6.00,10.00,16.00,19.00,35.00,38.00,8.00,1178.5,45.05
43.0,3.12,450.0,199.8,513.0,1,2.62,4.25,6.00,10.00,16.00,19.00,35.00,38.00,8.00,1058.4,49.63
43.0,3.12,450.0,210.2,564.3,1,2.62,4.25,6.00,10.00,16.00,19.00,35.00,38.00,8.00,1143.5,47.42
43.0,3.12,475.0,210.0,566.2,1,2.62,4.25,6.00,10.00,16.00,19.00,35.00,38.00,8.00,1169.9,50.05
43.0,3.12,375.0,199.9,592.9,1,2.62,4.25,6.00,10.00,16.00,19.00,35.00,38.00,8.00,1143.0,37.81
43.0,3.12,400.0,200.0,572.0,1,2.62,4.25,6.00,10.00,16.00,19.00,35.00,38.00,8.00,1129.6,44.11
43.0,3.12,400.0,210.0,617.2,1,2.62,4.25,6.00,10.00,16.00,19.00,35.00,38.00,8.00,1197.6,40.90
43.0,3.12,425.0,200.2,541.9,1,2.62,4.25,6.00,10.00,16.00,19.00,35.00,38.00,8.00,1094.8,47.51
43.0,3.12,425.0,220.2,642.2,1,2.62,4.25,6.00,10.00,16.00,19.00,35.00,38.00,8.00,1252.1,42.54
43.0,3.12,450.0,210.2,564.3,1,2.62,4.25,6.00,10.00,16.00,19.00,35.00,38.00,8.00,1143.9,48.74
43.0,3.12,475.0,210.0,566.2,1,2.62,4.25,6.00,10.00,16.00,19.00,35.00,38.00,8.00,1170.4,53.06
43.0,3.12,475.0,219.9,584.3,1,2.62,4.25,6.00,10.00,16.00,19.00,35.00,38.00,8.00,1192.3,49.18
52.5,3.15,496.0,173.0,739.0,1,2.66,4.70,9.50,12.00,16.00,19.00,39.00,29.00,13.00,1161.0,59.87
52.5,3.15,250.0,210.0,712.0,1,2.66,4.70,9.50,12.00,16.00,19.00,39.00,29.00,13.00,1188.0,10.08
52.5,3.15,265.0,186.0,712.0,1,2.66,4.70,9.50,12.00,16.00,19.00,39.00,29.00,13.00,1188.0,16.08
52.5,3.15,285.0,128.0,712.0,1,2.66,4.70,9.50,12.00,16.00,19.00,39.00,29.00,13.00,1188.0,25.03
52.5,3.15,300.0,163.0,712.0,1,2.66,4.70,9.50,12.00,16.00,19.00,39.00,29.00,13.00,1188.0,31.85
52.5,3.15,315.0,189.0,712.0,1,2.66,4.70,9.50,12.00,16.00,19.00,39.00,29.00,13.00,1188.0,32.67
52.5,3.15,387.0,198.0,712.0,1,2.66,4.70,9.50,12.00,16.00,19.00,39.00,29.00,13.00,1188.0,40.81
52.5,3.15,496.0,173.0,712.0,1,2.66,4.70,9.50,12.00,16.00,19.00,39.00,29.00,13.00,1188.0,57.00
52.5,3.15,250.0,210.0,691.0,1,2.66,4.70,9.50,12.00,16.00,19.00,39.00,29.00,13.00,1209.0,9.99
52.5,3.15,265.0,186.0,691.0,1,2.66,4.70,9.50,12.00,16.00,19.00,39.00,29.00,13.00,1209.0,15.01
52.5,3.15,285.0,128.0,691.0,1,2.66,4.70,9.50,12.00,16.00,19.00,39.00,29.00,13.00,1209.0,22.98
52.5,3.15,300.0,163.0,691.0,1,2.66,4.70,9.50,12.00,16.00,19.00,39.00,29.00,13.00,1209.0,30.78
52.5,3.15,315.0,189.0,691.0,1,2.66,4.70,9.50,12.00,16.00,19.00,39.00,29.00,13.00,1209.0,32.09
52.5,3.15,387.0,198.0,691.0,1,2.66,4.70,9.50,12.00,16.00,19.00,39.00,29.00,13.00,1209.0,35.79
52.5,3.15,496.0,173.0,691.0,1,2.66,4.70,9.50,12.00,16.00,19.00,39.00,29.00,13.00,1209.0,53.88
52.5,3.15,250.0,210.0,855.0,1,2.66,4.70,6.00,8.00,10.00,19.00,28.00,35.00,18.00,1045.0,14.16
52.5,3.15,265.0,186.0,855.0,1,2.66,4.70,6.00,8.00,10.00,19.00,28.00,35.00,18.00,1045.0,20.29
52.5,3.15,285.0,128.0,855.0,1,2.66,4.70,6.00,8.00,10.00,19.00,28.00,35.00,18.00,1045.0,28.03
52.5,3.15,300.0,163.0,855.0,1,2.66,4.70,6.00,8.00,10.00,19.00,28.00,35.00,18.00,1045.0,35.87
52.5,3.15,315.0,189.0,855.0,1,2.66,4.70,6.00,8.00,10.00,19.00,28.00,35.00,18.00,1045.0,37.56
52.5,3.15,387.0,198.0,855.0,1,2.66,4.70,6.00,8.00,10.00,19.00,28.00,35.00,18.00,1045.0,39.84
52.5,3.15,496.0,173.0,855.0,1,2.66,4.70,6.00,8.00,10.00,19.00,28.00,35.00,18.00,1045.0,62.97
52.5,3.15,250.0,210.0,821.0,1,2.66,4.70,6.00,8.00,10.00,19.00,28.00,35.00,18.00,1079.0,12.55
52.5,3.15,265.0,186.0,821.0,1,2.66,4.70,6.00,8.00,10.00,19.00,28.00,35.00,18.00,1079.0,18.79
52.5,3.15,285.0,128.0,821.0,1,2.66,4.70,6.00,8.00,10.00,19.00,28.00,35.00,18.00,1079.0,26.24
52.5,3.15,300.0,163.0,821.0,1,2.66,4.70,6.00,8.00,10.00,19.00,28.00,35.00,18.00,1079.0,34.45
52.5,3.15,315.0,189.0,821.0,1,2.66,4.70,6.00,8.00,10.00,19.00,28.00,35.00,18.00,1079.0,36.15
52.5,3.15,387.0,198.0,821.0,1,2.66,4.70,6.00,8.00,10.00,19.00,28.00,35.00,18.00,1079.0,39.84
52.5,3.15,496.0,173.0,821.0,1,2.66,4.70,6.00,8.00,10.00,19.00,28.00,35.00,18.00,1079.0,59.28
52.5,3.15,250.0,210.0,794.0,1,2.66,4.70,6.00,8.00,10.00,19.00,28.00,35.00,18.00,1106.0,11.51
52.5,3.15,265.0,186.0,794.0,1,2.66,4.70,6.00,8.00,10.00,19.00,28.00,35.00,18.00,1106.0,17.74
52.5,3.15,285.0,128.0,794.0,1,2.66,4.70,6.00,8.00,10.00,19.00,28.00,35.00,18.00,1106.0,25.11
52.5,3.15,300.0,163.0,794.0,1,2.66,4.70,6.00,8.00,10.00,19.00,28.00,35.00,18.00,1106.0,33.79
52.5,3.15,315.0,189.0,794.0,1,2.66,4.70,6.00,8.00,10.00,19.00,28.00,35.00,18.00,1106.0,35.31
52.5,3.15,387.0,198.0,794.0,1,2.66,4.70,6.00,8.00,10.00,19.00,28.00,35.00,18.00,1106.0,37.19
52.5,3.15,496.0,173.0,794.0,1,2.66,4.70,6.00,8.00,10.00,19.00,28.00,35.00,18.00,1106.0,53.88
52.5,3.15,315.0,176.4,765.5,1,2.66,4.70,9.50,12.00,16.00,23.00,27.00,22.00,28.00,1203.3,38.80
52.5,3.15,297.0,172.3,757.4,1,2.66,4.70,9.50,12.00,16.00,23.00,27.00,22.00,28.00,1054.4,33.00
52.5,3.15,300.0,165.0,645.0,1,2.66,4.70,9.50,12.00,16.00,23.00,27.00,22.00,28.00,1164.0,35.70
52.5,3.15,355.0,177.5,692.3,1,2.66,4.70,9.50,12.00,16.00,23.00,27.00,22.00,28.00,1214.1,37.00
52.5,3.15,320.0,182.4,864.0,1,2.66,4.70,6.00,8.00,10.00,17.00,29.00,32.00,22.00,1059.2,39.30
52.5,3.15,323.0,164.7,646.0,1,2.66,4.70,6.00,8.00,10.00,17.00,29.00,32.00,22.00,1169.3,36.00
52.5,3.15,320.0,188.8,697.6,1,2.66,4.70,6.00,8.00,10.00,17.00,29.00,32.00,22.00,1052.8,37.20
52.5,3.15,370.0,199.8,680.8,1,2.66,4.70,6.00,8.00,10.00,17.00,29.00,32.00,22.00,1110.0,36.50
52.5,3.15,350.0,192.5,878.5,1,2.66,4.70,6.00,8.00,10.00,17.00,29.00,32.00,22.00,1064.0,39.00
52.5,3.15,375.0,180.0,862.5,1,2.66,4.70,6.00,8.00,10.00,17.00,29.00,32.00,22.00,1057.5,45.00
52.5,3.15,393.0,200.4,640.6,1,2.66,4.70,6.00,8.00,10.00,17.00,29.00,32.00,22.00,1049.3,43.00
52.5,3.15,380.0,190.0,668.8,1,2.66,4.70,6.00,8.00,10.00,17.00,29.00,32.00,22.00,1007.0,44.30
52.5,3.15,435.0,195.8,617.7,1,2.66,4.70,6.00,8.00,10.00,17.00,29.00,32.00,22.00,1104.9,46.50
52.5,3.15,370.0,151.7,884.3,1,2.66,4.70,6.00,8.00,10.00,17.00,29.00,32.00,22.00,1061.9,53.90
42.5,3.15,489.3,195.7,660.5,1,2.45,4.75,9.50,16.00,19.00,36.00,25.00,35.00,4.00,807.3,44.80
42.5,3.15,410.5,164.2,738.8,1,2.45,4.75,9.50,16.00,19.00,36.00,25.00,35.00,4.00,903.0,44.60
42.5,3.15,353.5,141.4,795.4,1,2.45,4.75,9.50,16.00,19.00,36.00,25.00,35.00,4.00,972.2,15.00
42.5,3.15,310.5,124.2,838.2,1,2.45,4.75,9.50,16.00,19.00,36.00,25.00,35.00,4.00,1024.5,13.40
42.5,3.15,488.0,195.2,585.6,1,2.45,4.75,9.50,16.00,19.00,36.00,25.00,35.00,4.00,878.4,41.20
42.5,3.15,409.3,163.7,654.8,1,2.45,4.75,9.50,16.00,19.00,36.00,25.00,35.00,4.00,982.3,39.50
42.5,3.15,352.4,141.0,704.9,1,2.45,4.75,9.50,16.00,19.00,36.00,25.00,35.00,4.00,1057.3,31.80
42.5,3.15,309.4,123.8,742.7,1,2.45,4.75,9.50,16.00,19.00,36.00,25.00,35.00,4.00,1114.0,13.30
42.5,3.15,486.8,194.7,511.1,1,2.45,4.75,9.50,16.00,19.00,36.00,25.00,35.00,4.00,949.2,43.10
42.5,3.15,408.1,163.2,571.4,1,2.45,4.75,9.50,16.00,19.00,36.00,25.00,35.00,4.00,1061.1,40.60
42.5,3.15,351.3,140.5,614.8,1,2.45,4.75,9.50,16.00,19.00,36.00,25.00,35.00,4.00,1141.9,37.10
42.5,3.15,308.4,123.4,647.7,1,2.45,4.75,9.50,16.00,19.00,36.00,25.00,35.00,4.00,1202.9,16.00
42.5,3.15,485.5,194.2,437.0,1,2.45,4.75,9.50,16.00,19.00,36.00,25.00,35.00,4.00,1019.6,42.50
42.5,3.15,406.9,162.8,488.3,1,2.45,4.75,9.50,16.00,19.00,36.00,25.00,35.00,4.00,1139.4,37.30
42.5,3.15,350.3,140.1,525.4,1,2.45,4.75,9.50,16.00,19.00,36.00,25.00,35.00,4.00,1225.9,23.90
42.5,3.15,307.4,123.0,553.4,1,2.45,4.75,9.50,16.00,19.00,36.00,25.00,35.00,4.00,1291.3,17.30
42.5,3.15,458.5,229.2,618.9,1,2.45,4.75,9.50,16.00,19.00,36.00,25.00,35.00,4.00,756.5,26.40
42.5,3.15,388.6,194.3,699.4,1,2.45,4.75,9.50,16.00,19.00,36.00,25.00,35.00,4.00,854.8,29.80
42.5,3.15,337.2,168.6,758.6,1,2.45,4.75,9.50,16.00,19.00,36.00,25.00,35.00,4.00,927.2,32.00
42.5,3.15,297.8,148.9,803.9,1,2.45,4.75,9.50,16.00,19.00,36.00,25.00,35.00,4.00,982.6,35.10
42.5,3.15,457.4,228.7,548.8,1,2.45,4.75,9.50,16.00,19.00,36.00,25.00,35.00,4.00,823.2,36.90
42.5,3.15,387.5,193.8,620.0,1,2.45,4.75,9.50,16.00,19.00,36.00,25.00,35.00,4.00,930.0,31.80
42.5,3.15,336.2,168.1,672.3,1,2.45,4.75,9.50,16.00,19.00,36.00,25.00,35.00,4.00,1008.5,27.60
42.5,3.15,296.8,148.4,712.4,1,2.45,4.75,9.50,16.00,19.00,36.00,25.00,35.00,4.00,1068.6,22.70
42.5,3.15,456.3,228.1,479.1,1,2.45,4.75,9.50,16.00,19.00,36.00,25.00,35.00,4.00,889.7,27.60
42.5,3.15,386.5,193.2,541.0,1,2.45,4.75,9.50,16.00,19.00,36.00,25.00,35.00,4.00,1004.8,31.30
42.5,3.15,335.2,167.6,586.6,1,2.45,4.75,9.50,16.00,19.00,36.00,25.00,35.00,4.00,1089.3,35.10
42.5,3.15,295.9,148.0,621.4,1,2.45,4.75,9.50,16.00,19.00,36.00,25.00,35.00,4.00,1154.0,32.90
42.5,3.15,322.2,193.3,725.0,1,2.45,4.75,9.50,16.00,19.00,36.00,25.00,35.00,4.00,886.1,26.90
42.5,3.15,286.1,171.6,772.4,1,2.45,4.75,9.50,16.00,19.00,36.00,25.00,35.00,4.00,944.0,25.80
42.5,3.15,430.3,258.2,516.4,1,2.45,4.75,9.50,16.00,19.00,36.00,25.00,35.00,4.00,774.6,24.20
42.5,3.15,367.9,220.8,588.7,1,2.45,4.75,9.50,16.00,19.00,36.00,25.00,35.00,4.00,883.0,26.00
42.5,3.15,321.3,192.8,642.7,1,2.45,4.75,9.50,16.00,19.00,36.00,25.00,35.00,4.00,964.0,21.80
42.5,3.15,285.2,171.1,684.5,1,2.45,4.75,9.50,16.00,19.00,36.00,25.00,35.00,4.00,1026.7,21.10
42.5,3.15,429.4,257.6,450.8,1,2.45,4.75,9.50,16.00,19.00,36.00,25.00,35.00,4.00,837.3,25.80
42.5,3.15,367.0,220.2,513.8,1,2.45,4.75,9.50,16.00,19.00,36.00,25.00,35.00,4.00,954.1,27.30
42.5,3.15,320.4,192.3,560.7,1,2.45,4.75,9.50,16.00,19.00,36.00,25.00,35.00,4.00,1041.4,28.10
42.5,3.15,284.4,170.6,597.1,1,2.45,4.75,9.50,16.00,19.00,36.00,25.00,35.00,4.00,1109.0,31.60
42.5,3.15,428.4,257.0,385.6,1,2.45,4.75,9.50,16.00,19.00,36.00,25.00,35.00,4.00,899.6,25.20
42.5,3.15,366.0,219.6,439.2,1,2.45,4.75,9.50,16.00,19.00,36.00,25.00,35.00,4.00,1024.9,30.90
42.5,3.15,319.5,191.7,479.3,1,2.45,4.75,9.50,16.00,19.00,36.00,25.00,35.00,4.00,1118.3,27.60
42.5,3.15,283.5,170.1,510.3,1,2.45,4.75,9.50,16.00,19.00,36.00,25.00,35.00,4.00,1190.7,16.90
42.5,3.15,320.0,129.1,740.0,3,2.68,4.75,9.50,12.00,16.20,11.11,32.22,31.11,25.56,1242.4,33.42
42.5,3.15,340.0,138.0,551.5,3,2.68,4.75,9.50,12.00,16.20,11.11,32.22,31.11,25.56,1302.8,30.26
42.5,3.15,352.2,162.8,606.2,3,2.68,4.75,9.50,12.00,16.20,11.11,32.22,31.11,25.56,1204.7,31.14
42.5,3.15,300.0,155.1,530.9,3,2.68,4.75,9.50,12.00,16.20,11.11,32.22,31.11,25.56,1446.1,32.50
42.5,3.08,448.2,268.9,672.3,3,2.60,4.75,7.50,13.20,19.00,11.00,57.00,21.00,11.00,1344.5,23.70
42.5,3.08,328.0,164.0,574.1,3,2.60,4.75,7.50,13.20,19.00,11.00,57.00,21.00,11.00,1312.2,14.82
42.5,3.08,389.6,214.3,779.3,3,2.60,4.75,7.50,13.20,19.00,11.00,57.00,21.00,11.00,1168.9,21.63
42.5,3.08,324.4,181.7,648.8,3,2.60,4.75,7.50,13.20,19.00,11.00,57.00,21.00,11.00,1622.0,25.76
42.5,3.08,419.6,241.3,734.3,3,2.60,4.75,7.50,13.20,19.00,11.00,57.00,21.00,11.00,1258.7,21.48
42.5,3.08,447.1,245.9,726.6,3,2.60,4.75,7.50,13.20,19.00,11.00,57.00,21.00,11.00,1565.0,23.56
42.5,3.08,416.1,241.3,728.1,3,2.60,4.75,7.50,13.20,19.00,11.00,57.00,21.00,11.00,1664.3,17.93
42.5,3.08,297.1,157.5,557.1,3,2.60,4.75,7.50,13.20,19.00,11.00,57.00,21.00,11.00,1337.0,10.96
42.5,3.08,337.5,187.3,675.1,3,2.60,4.75,7.50,13.20,19.00,11.00,57.00,21.00,11.00,1350.2,13.48
42.5,3.08,395.1,237.0,592.6,3,2.60,4.75,7.50,13.20,19.00,11.00,57.00,21.00,11.00,1185.2,27.85
42.5,3.08,376.5,188.3,658.9,3,2.60,4.75,7.50,13.20,19.00,11.00,57.00,21.00,11.00,1506.1,34.00
42.5,3.08,388.7,213.8,777.5,3,2.60,4.75,7.50,13.20,19.00,11.00,57.00,21.00,11.00,1166.2,25.19
42.5,3.08,219.7,123.0,439.4,3,2.60,4.75,7.50,13.20,19.00,11.00,57.00,21.00,11.00,1098.4,27.69
42.5,3.08,526.5,302.8,921.4,3,2.60,4.75,7.50,13.20,19.00,11.00,57.00,21.00,11.00,1579.6,21.48
42.5,3.08,410.2,225.6,666.5,3,2.60,4.75,7.50,13.20,19.00,11.00,57.00,21.00,11.00,1435.5,26.82
42.5,3.08,344.7,199.9,603.2,3,2.60,4.75,7.50,13.20,19.00,11.00,57.00,21.00,11.00,1378.7,25.33
42.5,3.08,322.3,170.8,604.4,3,2.60,4.75,7.50,13.20,19.00,11.00,57.00,21.00,11.00,1450.6,27.56
42.5,3.08,353.8,196.3,707.5,3,2.60,4.75,7.50,13.20,19.00,11.00,57.00,21.00,11.00,1415.0,31.26
42.5,3.08,365.9,192.1,686.0,3,2.60,4.75,7.50,13.20,19.00,11.00,57.00,21.00,11.00,1280.5,23.41
42.5,3.08,485.9,273.6,819.9,3,2.60,4.75,7.50,13.20,19.00,11.00,57.00,21.00,11.00,1579.1,18.37
42.5,3.08,382.2,220.9,668.8,3,2.60,4.75,7.50,13.20,19.00,11.00,57.00,21.00,11.00,1337.6,17.78
42.5,3.08,399.3,224.8,673.8,3,2.60,4.75,7.50,13.20,19.00,11.00,57.00,21.00,11.00,1297.7,26.40
42.5,3.08,409.9,236.9,717.4,3,2.60,4.75,7.50,13.20,19.00,11.00,57.00,21.00,11.00,1434.8,25.26
42.5,3.08,322.8,183.0,544.6,3,2.60,4.75,7.50,13.20,19.00,11.00,57.00,21.00,11.00,1210.3,25.49
42.5,3.08,395.9,218.9,717.5,3,2.60,4.75,7.50,13.20,19.00,11.00,57.00,21.00,11.00,1484.5,25.75
42.5,3.08,348.5,193.4,631.7,3,2.60,4.75,7.50,13.20,19.00,11.00,57.00,21.00,11.00,1481.2,28.22
42.5,3.08,402.5,216.5,704.3,3,2.60,4.75,7.50,13.20,19.00,11.00,57.00,21.00,11.00,1408.6,25.67
42.5,3.08,385.0,221.4,601.6,3,2.60,4.75,7.50,13.20,19.00,11.00,57.00,21.00,11.00,1251.3,26.22
42.5,3.08,268.7,149.9,537.3,3,2.60,4.75,7.50,13.20,19.00,11.00,57.00,21.00,11.00,1209.0,28.77
42.5,3.15,380.0,190.0,558.0,3,2.74,4.20,9.50,12.00,16.00,21.00,48.00,22.00,9.00,1302.0,38.30
42.5,3.15,360.0,180.0,570.0,3,2.74,4.20,9.50,12.00,16.00,21.00,48.00,22.00,9.00,1365.0,38.50
42.5,3.15,340.0,170.0,600.0,3,2.74,4.20,9.50,12.00,16.00,21.00,48.00,22.00,9.00,1430.0,38.40
42.5,3.15,320.0,160.0,620.0,3,2.74,4.20,9.50,12.00,16.00,21.00,48.00,22.00,9.00,1540.0,38.50
42.5,3.15,380.0,171.0,570.0,3,2.74,4.20,9.50,12.00,16.00,21.00,48.00,22.00,9.00,1430.0,37.50
42.5,3.15,360.0,162.0,558.0,3,2.74,4.20,9.50,12.00,16.00,21.00,48.00,22.00,9.00,1540.0,37.45
42.5,3.15,340.0,153.0,620.0,3,2.74,4.20,9.50,12.00,16.00,21.00,48.00,22.00,9.00,1302.0,37.60
42.5,3.15,320.0,144.0,600.0,3,2.74,4.20,9.50,12.00,16.00,21.00,48.00,22.00,9.00,1365.0,38.50
42.5,3.15,380.0,152.0,600.0,3,2.74,4.20,9.50,12.00,16.00,21.00,48.00,22.00,9.00,1540.0,38.90
42.5,3.15,360.0,144.0,620.0,3,2.74,4.20,9.50,12.00,16.00,21.00,48.00,22.00,9.00,1430.0,37.40
42.5,3.15,340.0,136.0,558.0,3,2.74,4.20,9.50,12.00,16.00,21.00,48.00,22.00,9.00,1365.0,39.80
42.5,3.15,346.9,138.8,618.0,3,2.74,4.20,9.50,12.00,16.00,21.00,48.00,22.00,9.00,1411.6,40.10
42.5,3.15,380.0,133.0,620.0,3,2.74,4.20,9.50,12.00,16.00,21.00,48.00,22.00,9.00,1365.0,39.60
42.5,3.15,381.2,133.4,635.3,3,2.74,4.20,9.50,12.00,16.00,21.00,48.00,22.00,9.00,1378.5,40.50
42.5,3.15,340.0,119.0,570.0,3,2.74,4.20,9.50,12.00,16.00,21.00,48.00,22.00,9.00,1540.0,38.70
42.5,3.15,320.0,112.0,558.0,3,2.74,4.20,9.50,12.00,16.00,21.00,48.00,22.00,9.00,1430.0,40.20
43.0,3.15,411.6,193.4,731.3,3,2.93,4.75,9.50,12.00,16.00,10.00,42.00,39.00,9.00,1162.7,32.06
53.0,3.15,470.6,194.8,673.9,3,2.93,4.75,9.50,12.00,16.00,10.00,42.00,39.00,9.00,1163.2,32.81
43.0,3.15,411.6,193.4,731.3,3,2.93,4.75,9.50,12.00,16.00,10.00,42.00,39.00,9.00,1162.7,37.57
53.0,3.15,470.6,194.8,673.9,3,2.93,4.75,9.50,12.00,16.00,10.00,42.00,39.00,9.00,1163.2,37.88
52.5,3.15,350.0,182.0,757.0,4,2.75,3.00,5.00,7.00,9.00,10.00,44.00,36.00,10.00,1135.0,32.50
52.5,3.15,450.0,148.5,760.0,4,2.75,3.00,5.00,7.00,9.00,10.00,44.00,36.00,10.00,1135.0,52.50
52.5,3.15,520.0,135.2,777.0,4,2.75,3.00,5.00,7.00,9.00,10.00,44.00,36.00,10.00,1070.0,87.00
32.5,3.14,289.0,174.0,933.0,3,2.62,2.360,4.75,9.50,16.00,10.00,60.00,20.00,10.00,900.0,26.90
32.5,3.15,308.0,184.0,927.0,3,2.62,2.360,4.75,9.50,16.00,10.00,60.00,20.00,10.00,860.0,30.30
32.5,3.15,302.0,183.0,926.0,3,2.63,2.360,4.75,9.50,16.00,45.00,40.00,10.00,5.00,860.0,29.00
32.5,3.15,301.0,173.0,961.0,3,2.62,2.360,4.75,9.50,16.00,10.00,60.00,20.00,10.00,863.0,32.60
32.5,3.15,315.0,190.0,904.0,3,2.62,2.360,4.75,9.50,16.00,10.00,60.00,20.00,10.00,862.0,30.10
32.5,3.15,309.0,190.0,911.0,3,2.62,2.360,4.75,9.50,16.00,10.00,60.00,20.00,10.00,859.0,28.40
32.5,3.15,309.0,184.0,821.0,3,2.63,2.360,4.75,9.50,16.00,45.00,40.00,10.00,5.00,975.0,28.50
32.5,3.14,368.0,164.0,886.0,3,2.62,2.360,4.75,9.50,16.00,10.00,60.00,20.00,10.00,942.0,38.10
32.5,3.14,348.0,169.0,882.0,3,2.62,2.360,4.75,9.50,16.00,10.00,60.00,20.00,10.00,902.0,39.00
32.5,3.14,370.0,181.0,866.0,3,2.62,2.360,4.75,9.50,16.00,10.00,60.00,20.00,10.00,887.0,37.50
32.5,3.15,342.0,171.0,885.0,3,2.63,2.360,4.75,9.50,16.00,45.00,40.00,10.00,5.00,913.0,38.70
32.5,3.14,348.0,169.0,882.0,3,2.62,2.360,4.75,9.50,16.00,10.00,60.00,20.00,10.00,902.0,38.80
32.5,3.14,370.0,181.0,866.0,3,2.62,2.360,4.75,9.50,16.00,10.00,60.00,20.00,10.00,887.0,37.40
32.5,3.15,342.0,171.0,885.0,3,2.63,2.360,4.75,9.50,16.00,45.00,40.00,10.00,5.00,913.0,38.60
32.5,3.14,370.0,181.0,866.0,3,2.63,2.360,4.75,9.50,16.00,45.00,40.00,10.00,5.00,887.0,39.90
32.5,3.14,342.0,171.0,885.0,3,2.62,2.360,4.75,9.50,16.00,10.00,60.00,20.00,10.00,913.0,41.00
32.5,3.15,364.0,181.0,865.0,3,2.62,2.360,4.75,9.50,16.00,10.00,60.00,20.00,10.00,874.0,38.70
32.5,3.15,400.0,179.0,835.0,3,2.67,2.360,4.75,9.50,16.00,44.00,37.00,13.00,6.00,874.0,37.00
32.5,3.15,397.0,180.0,790.0,3,2.67,2.360,4.75,9.50,16.00,44.00,37.00,13.00,6.00,894.0,37.00
32.5,3.15,393.0,183.0,759.0,3,2.60,2.360,4.75,9.50,16.00,6.00,59.00,23.00,12.00,981.0,36.50
32.5,3.15,350.0,175.0,804.0,3,2.60,2.360,4.75,9.50,16.00,6.00,59.00,23.00,12.00,955.0,36.60
32.5,3.15,389.0,183.0,778.0,3,2.60,2.360,4.75,9.50,16.00,6.00,59.00,23.00,12.00,962.0,33.10
32.5,3.15,389.0,184.0,778.0,3,2.60,2.360,4.75,9.50,16.00,6.00,59.00,23.00,12.00,962.0,31.60
32.5,3.15,383.0,184.0,810.0,3,2.62,2.360,4.75,9.50,16.00,10.00,60.00,20.00,10.00,924.0,34.40
32.5,3.15,378.0,183.0,807.0,3,2.63,2.360,4.75,9.50,16.00,45.00,40.00,10.00,5.00,902.0,35.80
32.5,3.15,378.0,183.0,818.0,3,2.63,2.360,4.75,9.50,16.00,45.00,40.00,10.00,5.00,924.0,35.90
32.5,3.15,385.0,184.0,812.0,3,2.63,2.360,4.75,9.50,16.00,45.00,40.00,10.00,5.00,922.0,34.10
32.5,3.15,383.0,175.0,846.0,3,2.62,2.360,4.75,9.50,16.00,10.00,60.00,20.00,10.00,905.0,35.60
32.5,3.15,370.0,173.0,889.0,3,2.62,2.360,4.75,9.50,16.00,10.00,60.00,20.00,10.00,878.0,33.80
32.5,3.15,383.0,179.0,879.0,3,2.62,2.360,4.75,9.50,16.00,10.00,60.00,20.00,10.00,862.0,34.10
32.5,3.15,380.0,168.0,868.0,3,2.62,2.360,4.75,9.50,16.00,10.00,60.00,20.00,10.00,903.0,35.80
32.5,3.15,381.0,182.0,812.0,3,2.60,2.360,4.75,9.50,16.00,6.00,59.00,23.00,12.00,956.0,32.60
32.5,3.15,381.0,172.0,815.0,3,2.62,2.360,4.75,9.50,16.00,10.00,60.00,20.00,10.00,940.0,34.90
32.5,3.15,378.0,183.0,807.0,3,2.62,2.360,4.75,9.50,16.00,10.00,60.00,20.00,10.00,923.0,34.00
32.5,3.15,401.0,184.0,754.0,3,2.67,2.360,4.75,9.50,16.00,44.00,37.00,13.00,6.00,978.0,38.30
32.5,3.15,381.0,185.0,800.0,3,2.67,2.360,4.75,9.50,16.00,44.00,37.00,13.00,6.00,946.0,35.40
32.5,3.15,383.0,179.0,879.0,3,2.63,2.360,4.75,9.50,16.00,45.00,40.00,10.00,5.00,862.0,34.70
32.5,3.15,380.0,168.0,868.0,3,2.63,2.360,4.75,9.50,16.00,45.00,40.00,10.00,5.00,903.0,35.20
32.5,3.15,383.0,175.0,863.0,3,2.63,2.360,4.75,9.50,16.00,45.00,40.00,10.00,5.00,888.0,34.80
32.5,3.15,360.0,172.0,794.0,3,2.62,2.360,4.75,9.50,16.00,10.00,60.00,20.00,10.00,965.0,33.70
32.5,3.15,412.0,189.0,730.0,2,2.65,2.360,4.75,9.50,16.00,44.00,35.00,13.00,8.00,947.0,37.80
32.5,3.15,411.0,189.0,732.0,2,2.65,2.360,4.75,9.50,16.00,44.00,35.00,13.00,8.00,951.0,37.60
32.5,3.15,421.0,180.0,784.0,2,2.65,2.360,4.75,9.50,16.00,44.00,35.00,13.00,8.00,927.0,37.70
32.5,3.15,450.0,184.0,713.0,2,2.65,2.360,4.75,9.50,16.00,44.00,35.00,13.00,8.00,977.0,37.60
32.5,3.15,453.0,184.0,704.0,2,2.65,2.360,4.75,9.50,16.00,44.00,35.00,13.00,8.00,983.0,37.90
32.5,3.15,436.0,183.0,804.0,2,2.65,2.360,4.75,9.50,16.00,44.00,35.00,13.00,8.00,889.0,36.60
32.5,3.15,424.0,187.0,812.0,2,2.65,2.360,4.75,9.50,16.00,44.00,35.00,13.00,8.00,882.0,37.00
32.5,3.15,405.0,196.0,786.0,3,2.62,2.360,4.75,9.50,16.00,10.00,60.00,20.00,10.00,879.0,37.60
32.5,3.15,414.0,187.0,818.0,3,2.62,2.360,4.75,9.50,16.00,10.00,60.00,20.00,10.00,883.0,36.30
32.5,3.15,413.0,183.0,780.0,3,2.65,2.360,4.75,9.50,16.00,44.00,35.00,13.00,8.00,900.0,41.60
32.5,3.15,413.0,183.0,783.0,3,2.65,2.360,4.75,9.50,16.00,44.00,35.00,13.00,8.00,914.0,39.50
32.5,3.15,447.0,176.0,760.0,3,2.62,2.360,4.75,9.50,16.00,10.00,60.00,20.00,10.00,970.0,36.20
32.5,3.15,416.0,182.0,771.0,3,2.62,2.360,4.75,9.50,16.00,10.00,60.00,20.00,10.00,954.0,37.70
32.5,3.15,424.0,180.0,813.0,3,2.65,2.360,4.75,9.50,16.00,44.00,35.00,13.00,8.00,891.0,38.70
32.5,3.15,422.0,175.0,782.0,3,2.65,2.360,4.75,9.50,16.00,44.00,35.00,13.00,8.00,937.0,38.50
32.5,3.15,390.0,171.0,768.0,3,2.63,2.360,4.75,9.50,16.00,45.00,40.00,10.00,5.00,969.0,37.50
52.5,3.15,533.3,160.0,384.2,1,2.70,2.360,4.75,9.50,16.00,24.00,52.00,18.00,6.00,864.0,80.40
52.5,3.15,533.3,160.0,350.8,1,2.70,2.360,4.75,9.50,16.00,24.00,52.00,18.00,6.00,864.0,78.40
52.5,3.15,566.7,170.0,392.5,1,2.70,2.360,4.75,9.50,16.00,24.00,52.00,18.00,6.00,864.0,75.30
52.5,3.15,566.7,170.0,367.5,1,2.70,2.360,4.75,9.50,16.00,24.00,52.00,18.00,6.00,864.0,74.20
52.5,3.15,566.7,170.0,342.4,1,2.70,2.360,4.75,9.50,16.00,24.00,52.00,18.00,6.00,864.0,73.20
52.5,3.15,600.0,180.0,375.8,1,2.70,2.360,4.75,9.50,16.00,24.00,52.00,18.00,6.00,864.0,70.10
52.5,3.15,600.0,180.0,350.8,1,2.70,2.360,4.75,9.50,16.00,24.00,52.00,18.00,6.00,864.0,71.10
52.5,3.15,600.0,180.0,317.4,1,2.70,2.360,4.75,9.50,16.00,24.00,52.00,18.00,6.00,864.0,70.10
52.5,3.15,457.1,160.0,452.6,1,2.70,2.360,4.75,9.50,16.00,24.00,52.00,18.00,6.00,918.0,72.10
52.5,3.15,457.1,160.0,426.0,1,2.70,2.360,4.75,9.50,16.00,24.00,52.00,18.00,6.00,918.0,72.10
52.5,3.15,457.1,160.0,399.3,1,2.70,2.360,4.75,9.50,16.00,24.00,52.00,18.00,6.00,918.0,72.10
52.5,3.15,485.7,170.0,434.8,1,2.70,2.360,4.75,9.50,16.00,24.00,52.00,18.00,6.00,918.0,69.00
52.5,3.15,485.7,170.0,408.2,1,2.70,2.360,4.75,9.50,16.00,24.00,52.00,18.00,6.00,918.0,68.00
52.5,3.15,485.7,170.0,381.6,1,2.70,2.360,4.75,9.50,16.00,24.00,52.00,18.00,6.00,918.0,65.90
52.5,3.15,514.3,180.0,426.0,1,2.70,2.360,4.75,9.50,16.00,24.00,52.00,18.00,6.00,918.0,63.80
52.5,3.15,514.3,180.0,390.5,1,2.70,2.360,4.75,9.50,16.00,24.00,52.00,18.00,6.00,918.0,64.80
52.5,3.15,514.3,180.0,363.8,1,2.70,2.360,4.75,9.50,16.00,24.00,52.00,18.00,6.00,918.0,61.70
52.5,3.15,400.0,160.0,488.6,1,2.70,2.360,4.75,9.50,16.00,24.00,52.00,18.00,6.00,972.0,59.50
52.5,3.15,400.0,160.0,460.4,1,2.70,2.360,4.75,9.50,16.00,24.00,52.00,18.00,6.00,972.0,58.50
52.5,3.15,400.0,160.0,432.2,1,2.70,2.360,4.75,9.50,16.00,24.00,52.00,18.00,6.00,972.0,58.50
52.5,3.15,425.0,170.0,479.2,1,2.70,2.360,4.75,9.50,16.00,24.00,52.00,18.00,6.00,972.0,57.40
52.5,3.15,425.0,170.0,451.0,1,2.70,2.360,4.75,9.50,16.00,24.00,52.00,18.00,6.00,972.0,55.30
52.5,3.15,425.0,170.0,422.8,1,2.70,2.360,4.75,9.50,16.00,24.00,52.00,18.00,6.00,972.0,55.30
52.5,3.15,450.0,180.0,460.4,1,2.70,2.360,4.75,9.50,16.00,24.00,52.00,18.00,6.00,972.0,53.20
52.5,3.15,450.0,180.0,432.2,1,2.70,2.360,4.75,9.50,16.00,24.00,52.00,18.00,6.00,972.0,53.20
52.5,3.15,450.0,180.0,404.0,1,2.70,2.360,4.75,9.50,16.00,24.00,52.00,18.00,6.00,972.0,52.10
52.5,3.15,355.6,160.0,498.0,1,2.70,2.360,4.75,9.50,16.00,24.00,52.00,18.00,6.00,972.0,55.30
52.5,3.15,355.6,160.0,469.8,1,2.70,2.360,4.75,9.50,16.00,24.00,52.00,18.00,6.00,972.0,53.20
52.5,3.15,355.6,160.0,441.6,1,2.70,2.360,4.75,9.50,16.00,24.00,52.00,18.00,6.00,972.0,52.10
52.5,3.15,377.8,170.0,488.6,1,2.70,2.360,4.75,9.50,16.00,24.00,52.00,18.00,6.00,972.0,54.20
42.0,3.15,322.0,193.2,815.0,1,2.75,2.360,4.75,8.00,10.00,23.33,43.33,24.44,8.89,971.0,29.10
42.0,3.15,513.0,205.2,618.0,1,2.75,2.360,4.75,8.00,10.00,23.33,43.33,24.44,8.89,971.0,43.90
42.0,3.15,342.0,205.2,939.0,1,2.75,2.360,4.75,8.00,10.00,23.33,43.33,24.44,8.89,794.0,33.70
42.0,3.15,460.0,184.0,563.0,1,2.75,2.360,4.75,9.50,16.00,27.00,45.00,22.00,6.00,1134.0,43.10
42.0,3.15,307.0,184.2,898.0,1,2.75,2.360,4.75,9.50,16.00,27.00,45.00,22.00,6.00,928.0,30.00
42.0,3.15,493.0,197.2,703.0,1,2.75,2.360,4.75,9.50,16.00,27.00,45.00,22.00,6.00,928.0,46.00
42.0,3.15,328.0,196.8,641.0,1,2.75,2.360,4.75,9.50,16.00,27.00,45.00,22.00,6.00,1134.0,29.90
42.0,3.15,386.0,193.0,934.0,1,2.75,2.360,4.75,8.00,10.00,23.33,43.33,24.44,8.89,794.0,37.30
42.0,3.15,250.0,175.0,1100.0,1,2.75,2.360,4.75,8.00,10.00,23.33,43.33,24.44,8.89,794.0,19.60
42.0,3.15,410.0,205.0,881.0,1,2.75,2.360,4.75,8.00,10.00,23.33,43.33,24.44,8.89,794.0,40.00
42.0,3.15,276.0,193.2,1029.0,1,2.75,2.360,4.75,8.00,10.00,23.33,43.33,24.44,8.89,794.0,23.70
42.0,3.15,386.0,193.0,759.0,1,2.75,2.360,4.75,8.00,10.00,23.33,43.33,24.44,8.89,971.0,37.60
42.0,3.15,250.0,175.0,925.0,1,2.75,2.360,4.75,8.00,10.00,23.33,43.33,24.44,8.89,971.0,18.10
42.0,3.15,410.0,205.0,706.0,1,2.75,2.360,4.75,8.00,10.00,23.33,43.33,24.44,8.89,971.0,39.60
42.0,3.15,276.0,193.2,854.0,1,2.75,2.360,4.75,8.00,10.00,23.33,43.33,24.44,8.89,971.0,23.90
42.0,3.15,398.0,199.0,820.0,1,2.75,2.360,4.75,8.00,10.00,23.33,43.33,24.44,8.89,883.0,38.90
42.0,3.15,398.0,199.0,994.0,1,2.75,2.360,4.75,8.00,10.00,23.33,43.33,24.44,8.89,706.0,32.70
42.0,3.15,398.0,199.0,645.0,1,2.75,2.360,4.75,8.00,10.00,23.33,43.33,24.44,8.89,1059.0,31.80
42.0,3.15,398.0,199.0,820.0,1,2.75,2.360,4.75,8.00,10.00,23.33,43.33,24.44,8.89,883.0,40.20
42.0,3.15,540.0,216.0,807.0,1,2.75,2.360,4.75,8.00,10.00,23.33,43.33,24.44,8.89,794.0,50.60
42.0,3.15,360.0,216.0,787.0,1,2.75,2.360,4.75,8.00,10.00,23.33,43.33,24.44,8.89,971.0,37.90
42.0,3.15,570.0,228.0,574.0,1,2.75,2.360,4.75,8.00,10.00,23.33,43.33,24.44,8.89,971.0,51.90
42.0,3.15,380.0,228.0,912.0,1,2.75,2.360,4.75,8.00,10.00,23.33,43.33,24.44,8.89,794.0,36.50
42.0,3.15,513.0,205.2,542.0,1,2.75,2.360,4.75,9.50,16.00,27.00,45.00,22.00,6.00,1134.0,48.30
42.0,3.15,342.0,205.2,892.0,1,2.75,2.360,4.75,9.50,16.00,27.00,45.00,22.00,6.00,928.0,38.90
42.0,3.15,540.0,216.0,692.0,1,2.75,2.360,4.75,9.50,16.00,27.00,45.00,22.00,6.00,928.0,51.30
42.0,3.15,360.0,216.0,643.0,1,2.75,2.360,4.75,9.50,16.00,27.00,45.00,22.00,6.00,1134.0,33.80
42.5,3.15,495.0,173.3,759.0,1,2.62,2.360,4.75,9.50,16.00,27.00,50.00,18.00,5.00,940.0,58.10
42.5,3.15,335.0,184.3,835.0,1,2.62,2.360,4.75,9.50,16.00,27.00,50.00,18.00,5.00,959.0,43.30
42.5,3.15,305.0,167.8,830.0,1,2.62,2.360,4.75,9.50,16.00,27.00,50.00,18.00,5.00,1040.0,42.50
42.5,3.15,409.0,139.1,820.0,1,2.62,2.360,4.75,9.50,16.00,27.00,50.00,18.00,5.00,1040.0,54.90
42.5,3.15,400.0,200.0,707.0,1,2.62,2.360,4.75,9.50,16.00,27.00,50.00,18.00,5.00,1055.0,37.90
42.5,3.15,418.0,167.2,585.0,1,2.62,2.360,4.75,9.50,16.00,27.00,50.00,18.00,5.00,1129.0,46.90
42.5,3.15,372.0,163.7,636.0,1,2.62,2.360,4.75,9.50,16.00,27.00,50.00,18.00,5.00,1128.0,37.90
42.5,3.15,344.0,165.1,654.0,1,2.62,2.360,4.75,9.50,16.00,27.00,50.00,18.00,5.00,1136.0,32.10
42.5,3.15,319.0,165.9,675.0,1,2.62,2.360,4.75,9.50,16.00,27.00,50.00,18.00,5.00,1140.0,29.90
42.5,3.15,463.0,185.2,578.0,1,2.62,2.360,4.75,9.50,16.00,27.00,50.00,18.00,5.00,1124.0,53.90
42.5,3.15,423.0,186.1,613.0,1,2.62,2.360,4.75,9.50,16.00,27.00,50.00,18.00,5.00,1129.0,48.00
42.5,3.15,388.0,186.2,641.0,1,2.62,2.360,4.75,9.50,16.00,27.00,50.00,18.00,5.00,1134.0,41.00
42.5,3.15,255.0,158.1,911.0,1,2.63,4.750,9.50,16.00,19.00,14.00,40.00,34.00,12.00,859.0,28.40
42.5,3.15,260.0,156.0,821.0,1,2.63,4.750,9.50,16.00,19.00,14.00,40.00,34.00,12.00,975.0,28.50
42.5,3.15,252.0,126.0,886.0,1,2.63,4.750,9.50,16.00,19.00,14.00,40.00,34.00,12.00,942.0,38.10
42.5,3.15,298.0,143.0,805.0,1,2.63,4.750,9.50,16.00,19.00,14.00,40.00,34.00,12.00,988.0,33.40
42.5,3.15,276.0,135.2,858.0,1,2.63,4.750,9.50,16.00,19.00,14.00,40.00,34.00,12.00,914.0,37.60
42.5,3.15,263.0,136.8,839.0,1,2.63,4.750,9.50,16.00,19.00,14.00,40.00,34.00,12.00,931.0,35.50
42.5,3.15,294.0,132.3,810.0,1,2.63,4.750,9.50,16.00,19.00,14.00,40.00,34.00,12.00,1000.0,34.10
42.5,3.15,298.0,134.1,847.0,1,2.63,4.750,9.50,16.00,19.00,14.00,40.00,34.00,12.00,940.0,35.20
42.5,3.15,264.0,129.4,882.0,1,2.63,4.750,9.50,16.00,19.00,14.00,40.00,34.00,12.00,902.0,39.00
42.5,3.15,284.0,139.2,866.0,1,2.63,4.750,9.50,16.00,19.00,14.00,40.00,34.00,12.00,887.0,37.40
42.5,3.15,263.0,131.5,885.0,1,2.63,4.750,9.50,16.00,19.00,14.00,40.00,34.00,12.00,913.0,38.60
42.5,3.15,286.0,143.0,865.0,1,2.63,4.750,9.50,16.00,19.00,14.00,40.00,34.00,12.00,874.0,38.70
42.5,3.15,312.0,140.4,835.0,1,2.63,4.750,9.50,16.00,19.00,14.00,40.00,34.00,12.00,894.0,37.00
42.5,3.15,308.0,138.6,790.0,1,2.63,4.750,9.50,16.00,19.00,14.00,40.00,34.00,12.00,939.0,37.00
42.5,3.15,313.0,147.1,759.0,1,2.63,4.750,9.50,16.00,19.00,14.00,40.00,34.00,12.00,981.0,36.50
42.5,3.15,294.0,147.0,804.0,1,2.63,4.750,9.50,16.00,19.00,14.00,40.00,34.00,12.00,955.0,36.60
42.5,3.15,312.0,146.6,778.0,1,2.63,4.750,9.50,16.00,19.00,14.00,40.00,34.00,12.00,962.0,33.10
42.5,3.15,319.0,149.9,778.0,1,2.63,4.750,9.50,16.00,19.00,14.00,40.00,34.00,12.00,962.0,31.60
42.5,3.15,306.0,146.9,810.0,1,2.63,4.750,9.50,16.00,19.00,14.00,40.00,34.00,12.00,924.0,34.40
42.5,3.15,295.0,141.6,807.0,1,2.63,4.750,9.50,16.00,19.00,14.00,40.00,34.00,12.00,902.0,35.80
42.5,3.15,292.0,140.2,818.0,1,2.63,4.750,9.50,16.00,19.00,14.00,40.00,34.00,12.00,924.0,35.90
42.5,3.15,303.0,145.4,812.0,1,2.63,4.750,9.50,16.00,19.00,14.00,40.00,34.00,12.00,922.0,34.10
42.5,3.15,247.0,113.6,846.0,1,2.63,4.750,9.50,16.00,19.00,14.00,40.00,34.00,12.00,905.0,35.60
42.5,3.15,291.0,136.8,889.0,1,2.63,4.750,9.50,16.00,19.00,14.00,40.00,34.00,12.00,878.0,33.80
42.5,3.15,302.0,141.9,879.0,1,2.63,4.750,9.50,16.00,19.00,14.00,40.00,34.00,12.00,862.0,34.10
42.5,3.15,300.0,132.0,868.0,1,2.63,4.750,9.50,16.00,19.00,14.00,40.00,34.00,12.00,903.0,35.80
42.5,3.15,305.0,146.4,812.0,1,2.63,4.750,9.50,16.00,19.00,14.00,40.00,34.00,12.00,956.0,32.60
42.5,3.15,299.0,134.6,815.0,1,2.63,4.750,9.50,16.00,19.00,14.00,40.00,34.00,12.00,940.0,34.90
42.5,3.15,300.0,144.0,807.0,1,2.63,4.750,9.50,16.00,19.00,14.00,40.00,34.00,12.00,923.0,34.00
42.5,3.15,306.0,140.8,754.0,1,2.63,4.750,9.50,16.00,19.00,14.00,40.00,34.00,12.00,978.0,38.30
42.5,3.15,297.0,145.5,800.0,1,2.63,4.750,9.50,16.00,19.00,14.00,40.00,34.00,12.00,946.0,35.40
42.5,3.15,304.0,139.8,863.0,1,2.63,4.750,9.50,16.00,19.00,14.00,40.00,34.00,12.00,888.0,34.80
42.5,3.15,284.0,136.3,794.0,1,2.63,4.750,9.50,16.00,19.00,14.00,40.00,34.00,12.00,965.0,33.70
42.5,3.15,309.0,142.1,730.0,1,2.63,4.750,9.50,16.00,19.00,14.00,40.00,34.00,12.00,947.0,37.80
42.5,3.15,326.0,150.0,732.0,1,2.63,4.750,9.50,16.00,19.00,14.00,40.00,34.00,12.00,951.0,37.60
42.5,3.15,325.0,139.8,784.0,1,2.63,4.750,9.50,16.00,19.00,14.00,40.00,34.00,12.00,927.0,36.80
42.5,3.15,348.0,142.7,713.0,1,2.63,4.750,9.50,16.00,19.00,14.00,40.00,34.00,12.00,977.0,37.60
42.5,3.15,346.0,141.9,704.0,1,2.63,4.750,9.50,16.00,19.00,14.00,40.00,34.00,12.00,983.0,37.90
42.5,3.15,336.0,141.1,804.0,1,2.63,4.750,9.50,16.00,19.00,14.00,40.00,34.00,12.00,889.0,36.60
42.5,3.15,327.0,143.9,783.0,1,2.63,4.750,9.50,16.00,19.00,14.00,40.00,34.00,12.00,956.0,36.00
42.5,3.15,314.0,150.7,786.0,1,2.63,4.750,9.50,16.00,19.00,14.00,40.00,34.00,12.00,879.0,37.60
42.5,3.15,319.0,143.6,818.0,1,2.63,4.750,9.50,16.00,19.00,14.00,40.00,34.00,12.00,883.0,36.30
42.5,3.15,306.0,134.6,780.0,1,2.63,4.750,9.50,16.00,19.00,14.00,40.00,34.00,12.00,900.0,41.60
42.5,3.15,312.0,137.3,783.0,1,2.63,4.750,9.50,16.00,19.00,14.00,40.00,34.00,12.00,914.0,39.50
42.5,3.15,336.0,134.4,760.0,1,2.63,4.750,9.50,16.00,19.00,14.00,40.00,34.00,12.00,970.0,36.20
42.5,3.15,318.0,155.8,771.0,1,2.63,4.750,9.50,16.00,19.00,14.00,40.00,34.00,12.00,954.0,37.70
42.5,3.15,322.0,135.2,782.0,1,2.63,4.750,9.50,16.00,19.00,14.00,40.00,34.00,12.00,937.0,38.50
42.5,3.15,293.0,128.9,768.0,1,2.63,4.750,9.50,16.00,19.00,14.00,40.00,34.00,12.00,969.0,37.50
32.5,3.15,222.0,197.6,945.0,1,2.64,2.360,4.75,12.60,15.00,30.00,22.00,42.00,6.00,977.0,20.90
32.5,3.15,223.0,178.4,795.0,1,2.64,2.360,4.75,12.60,15.00,30.00,22.00,42.00,6.00,1137.0,24.60
32.5,3.15,223.0,165.0,795.0,1,2.64,2.360,4.75,12.60,15.00,30.00,22.00,42.00,6.00,1163.0,25.70
32.5,3.15,223.0,162.8,808.0,1,2.64,2.360,4.75,12.60,15.00,30.00,22.00,42.00,6.00,1159.0,25.70
32.5,3.15,335.0,187.6,821.0,1,2.64,2.360,4.75,12.60,15.00,30.00,22.00,42.00,6.00,985.0,42.00
32.5,3.15,336.0,171.4,722.0,1,2.64,2.360,4.75,12.60,15.00,30.00,22.00,42.00,6.00,1143.0,42.40
32.5,3.15,334.0,167.0,721.0,1,2.64,2.360,4.75,12.60,15.00,30.00,22.00,42.00,6.00,1163.0,41.10
32.5,3.15,335.0,160.8,734.0,1,2.64,2.360,4.75,12.60,15.00,30.00,22.00,42.00,6.00,1161.0,39.30
32.5,3.15,445.0,195.8,721.0,1,2.64,2.360,4.75,12.60,15.00,30.00,22.00,42.00,6.00,982.0,48.80
32.5,3.15,442.0,181.2,616.0,1,2.64,2.360,4.75,12.60,15.00,30.00,22.00,42.00,6.00,1129.0,46.80
32.5,3.15,442.0,172.4,622.0,1,2.64,2.360,4.75,12.60,15.00,30.00,22.00,42.00,6.00,1158.0,45.80
32.5,3.15,441.0,172.0,632.0,1,2.64,2.360,4.75,12.60,15.00,30.00,22.00,42.00,6.00,1148.0,42.50
32.5,3.15,219.0,188.3,879.0,1,2.64,2.360,4.75,12.60,15.00,30.00,22.00,42.00,6.00,963.0,21.30
32.5,3.15,221.0,165.8,768.0,1,2.64,2.360,4.75,12.60,15.00,30.00,22.00,42.00,6.00,1125.0,26.50
32.5,3.15,221.0,154.7,771.0,1,2.64,2.360,4.75,12.60,15.00,30.00,22.00,42.00,6.00,1151.0,27.10
32.5,3.15,220.0,154.0,789.0,1,2.64,2.360,4.75,12.60,15.00,30.00,22.00,42.00,6.00,1145.0,26.00
32.5,3.15,337.0,178.6,778.0,1,2.64,2.360,4.75,12.60,15.00,30.00,22.00,42.00,6.00,990.0,42.70
32.5,3.15,337.0,161.8,661.0,1,2.64,2.360,4.75,12.60,15.00,30.00,22.00,42.00,6.00,1146.0,39.30
32.5,3.15,337.0,155.0,649.0,1,2.64,2.360,4.75,12.60,15.00,30.00,22.00,42.00,6.00,1174.0,39.40
32.5,3.15,338.0,152.1,664.0,1,2.64,2.360,4.75,12.60,15.00,30.00,22.00,42.00,6.00,1170.0,37.70
32.5,3.15,451.0,184.9,654.0,1,2.64,2.360,4.75,12.60,15.00,30.00,22.00,42.00,6.00,995.0,47.00
32.5,3.15,444.0,173.2,550.0,1,2.64,2.360,4.75,12.60,15.00,30.00,22.00,42.00,6.00,1132.0,41.50
32.5,3.15,451.0,171.4,521.0,1,2.64,2.360,4.75,12.60,15.00,30.00,22.00,42.00,6.00,1177.0,39.50
32.5,3.15,453.0,167.6,537.0,1,2.64,2.360,4.75,12.60,15.00,30.00,22.00,42.00,6.00,1174.0,38.80
42.5,3.12,425.0,170.0,722.0,1,2.65,4.750,9.50,16.00,19.00,18.00,26.00,35.00,21.00,1083.0,50.70
42.5,3.12,550.0,165.0,640.0,1,2.65,4.750,9.50,16.00,19.00,18.00,26.00,35.00,21.00,1045.0,87.90
42.5,3.12,640.0,160.0,587.0,1,2.65,4.750,9.50,16.00,19.00,18.00,26.00,35.00,21.00,1043.0,95.40
42.5,3.10,250.0,218.0,1285.0,1,2.70,4.000,6.00,8.00,10.00,14.00,32.00,42.00,12.00,555.0,29.10
42.5,3.10,300.0,225.0,1242.0,1,2.70,4.000,6.00,8.00,10.00,14.00,32.00,42.00,12.00,536.0,36.30
42.5,3.10,350.0,232.0,1197.0,1,2.70,4.000,6.00,8.00,10.00,14.00,32.00,42.00,12.00,517.0,43.10
42.5,3.10,400.0,239.0,1154.0,1,2.70,4.000,6.00,8.00,10.00,14.00,32.00,42.00,12.00,498.0,49.40
52.5,3.15,444.0,155.0,686.0,1,2.70,4.750,9.50,16.00,19.00,16.00,30.00,42.00,12.00,1114.0,67.20
52.5,3.15,411.0,161.0,711.0,1,2.70,4.750,9.50,16.00,19.00,16.00,30.00,42.00,12.00,1104.0,64.70
52.5,3.15,391.0,164.0,708.0,1,2.70,4.750,9.50,16.00,19.00,16.00,30.00,42.00,12.00,1118.0,61.90
52.5,3.15,438.0,162.0,686.0,1,2.70,4.750,9.50,16.00,19.00,16.00,30.00,42.00,12.00,1099.0,68.50
52.5,3.15,426.0,159.0,680.0,1,2.70,4.750,9.50,16.00,19.00,16.00,30.00,42.00,12.00,1127.0,68.50
52.5,3.15,444.0,164.0,705.0,1,2.70,4.750,9.50,16.00,19.00,16.00,30.00,42.00,12.00,1070.0,69.00
52.5,3.15,371.0,162.0,736.0,1,2.70,4.750,9.50,16.00,19.00,16.00,30.00,42.00,12.00,1111.0,57.90
52.5,3.15,441.0,158.0,713.0,1,2.70,4.750,9.50,16.00,19.00,16.00,30.00,42.00,12.00,1078.0,71.20
52.5,3.15,382.0,158.0,719.0,1,2.70,4.750,9.50,16.00,19.00,16.00,30.00,42.00,12.00,1127.0,65.00
52.5,3.15,412.0,155.0,725.0,1,2.70,4.750,9.50,16.00,19.00,16.00,30.00,42.00,12.00,1101.0,68.90
52.5,3.15,444.0,164.0,725.0,1,2.70,4.750,9.50,16.00,19.00,16.00,30.00,42.00,12.00,1108.0,68.10
52.5,3.15,416.0,160.0,725.0,1,2.70,4.750,9.50,16.00,19.00,16.00,30.00,42.00,12.00,1088.0,68.90
52.5,3.15,378.0,156.0,725.0,1,2.70,4.750,9.50,16.00,19.00,16.00,30.00,42.00,12.00,1127.0,66.80
52.5,3.15,412.0,164.0,725.0,1,2.70,4.750,9.50,16.00,19.00,16.00,30.00,42.00,12.00,1112.0,67.90
32.5,3.14,326.0,172.0,893.0,1,2.68,4.250,9.00,12.00,16.00,17.00,30.00,38.00,15.00,906.0,26.70
32.5,3.14,329.0,177.0,881.0,1,2.68,4.250,9.00,12.00,16.00,17.00,30.00,38.00,15.00,906.0,26.70
32.5,3.14,331.0,179.0,893.0,1,2.68,4.250,9.00,12.00,16.00,17.00,30.00,38.00,15.00,889.0,26.70
32.5,3.14,347.0,176.0,875.0,1,2.68,4.250,9.00,12.00,16.00,17.00,30.00,38.00,15.00,895.0,30.10
32.5,3.14,350.0,168.0,883.0,1,2.68,4.250,9.00,12.00,16.00,17.00,30.00,38.00,15.00,913.0,30.10
32.5,3.14,364.0,180.0,862.0,1,2.68,4.250,9.00,12.00,16.00,17.00,30.00,38.00,15.00,889.0,30.10
32.5,3.14,382.0,172.0,829.0,1,2.68,4.250,9.00,12.00,16.00,17.00,30.00,38.00,15.00,915.0,33.50
32.5,3.14,382.0,174.0,832.0,1,2.68,4.250,9.00,12.00,16.00,17.00,30.00,38.00,15.00,916.0,33.50
42.5,3.15,355.8,185.0,1056.6,1,2.65,4.000,6.00,9.50,16.00,23.00,34.00,37.00,6.00,796.9,31.90
42.5,3.15,370.0,185.0,1054.5,1,2.65,4.000,6.00,9.50,16.00,23.00,34.00,37.00,6.00,780.7,27.60
42.5,3.15,385.4,185.0,1056.0,1,2.65,4.000,6.00,9.50,16.00,23.00,34.00,37.00,6.00,767.0,25.00
42.5,3.15,370.0,185.0,1054.5,1,2.65,4.000,6.00,9.50,16.00,23.00,34.00,37.00,6.00,780.7,25.00
42.5,3.15,385.4,185.0,1056.0,1,2.65,4.000,6.00,9.50,16.00,23.00,34.00,37.00,6.00,767.0,29.00
42.5,3.15,355.8,185.0,1056.6,1,2.65,4.000,6.00,9.50,16.00,23.00,34.00,37.00,6.00,796.9,31.10
42.5,3.15,420.5,185.0,1055.3,1,2.65,4.000,6.00,9.50,16.00,23.00,34.00,37.00,6.00,731.6,31.00
42.5,3.15,440.5,185.0,1057.1,1,2.65,4.000,6.00,9.50,16.00,23.00,34.00,37.00,6.00,713.6,30.80
42.5,3.15,402.2,185.0,1065.8,1,2.65,4.000,6.00,9.50,16.00,23.00,34.00,37.00,6.00,752.1,31.60
42.5,3.15,402.2,185.0,1065.8,1,2.65,4.000,6.00,9.50,16.00,23.00,34.00,37.00,6.00,752.1,29.90
42.5,3.15,440.5,185.0,1057.1,1,2.65,4.000,6.00,9.50,16.00,23.00,34.00,37.00,6.00,713.6,34.40
42.5,3.15,420.5,185.0,1055.3,1,2.65,4.000,6.00,9.50,16.00,23.00,34.00,37.00,6.00,731.6,32.30
42.5,3.15,462.5,185.0,1054.5,1,2.65,4.000,6.00,9.50,16.00,23.00,34.00,37.00,6.00,689.1,39.20
42.5,3.15,462.5,185.0,1031.4,1,2.65,4.000,6.00,9.50,16.00,23.00,34.00,37.00,6.00,689.1,36.60
42.5,3.15,395.8,190.0,1056.9,1,2.65,4.000,6.00,9.50,16.00,23.00,34.00,37.00,6.00,744.2,31.90
42.5,3.15,380.0,190.0,1056.4,1,2.65,4.000,6.00,9.50,16.00,23.00,34.00,37.00,6.00,760.0,31.90
42.5,3.15,395.8,190.0,1056.9,1,2.65,4.000,6.00,9.50,16.00,23.00,34.00,37.00,6.00,744.2,33.30
42.5,3.15,380.0,190.0,1056.4,1,2.65,4.000,6.00,9.50,16.00,23.00,34.00,37.00,6.00,760.0,33.30
42.5,3.15,452.4,190.0,1054.0,1,2.65,4.000,6.00,9.50,16.00,23.00,34.00,37.00,6.00,683.1,37.60
42.5,3.15,431.8,190.0,1058.0,1,2.65,4.000,6.00,9.50,16.00,23.00,34.00,37.00,6.00,703.9,38.30
42.5,3.15,475.0,190.0,1054.5,1,2.65,4.000,6.00,9.50,16.00,23.00,34.00,37.00,6.00,665.0,36.70
42.5,3.15,452.4,190.0,1054.0,1,2.65,4.000,6.00,9.50,16.00,23.00,34.00,37.00,6.00,683.1,44.90
42.5,3.15,370.0,185.0,1055.0,1,2.65,4.000,6.00,9.50,16.00,23.00,34.00,37.00,6.00,781.0,27.60
42.5,3.15,385.0,185.0,1056.0,1,2.65,4.000,6.00,9.50,16.00,23.00,34.00,37.00,6.00,767.0,25.00
42.5,3.15,370.0,185.0,1055.0,1,2.65,4.000,6.00,9.50,16.00,23.00,34.00,37.00,6.00,781.0,25.00
42.5,3.15,385.0,185.0,1056.0,1,2.65,4.000,6.00,9.50,16.00,23.00,34.00,37.00,6.00,767.0,29.00
42.5,3.15,356.0,185.0,1057.0,1,2.65,4.000,6.00,9.50,16.00,23.00,34.00,37.00,6.00,797.0,31.10
42.5,3.15,396.0,190.0,1057.0,1,2.65,4.000,6.00,9.50,16.00,23.00,34.00,37.00,6.00,744.0,31.90
42.5,3.15,380.0,190.0,1056.0,1,2.65,4.000,6.00,9.50,16.00,23.00,34.00,37.00,6.00,760.0,31.90
42.5,3.15,396.0,190.0,1057.0,1,2.65,4.000,6.00,9.50,16.00,23.00,34.00,37.00,6.00,744.0,33.30
42.5,3.15,380.0,190.0,1056.0,1,2.65,4.000,6.00,9.50,16.00,23.00,34.00,37.00,6.00,760.0,33.30
42.5,3.15,365.0,190.0,1056.0,1,2.65,4.000,6.00,9.50,16.00,23.00,34.00,37.00,6.00,775.0,32.30
42.5,3.15,356.0,185.0,1021.0,1,2.65,4.000,6.00,9.50,16.00,23.00,34.00,37.00,6.00,825.0,36.00
42.5,3.15,356.0,185.0,1021.0,1,2.65,4.000,6.00,9.50,16.00,23.00,34.00,37.00,6.00,825.0,34.60
42.5,3.15,396.0,190.0,1021.0,1,2.65,4.000,6.00,9.50,16.00,23.00,34.00,37.00,6.00,776.0,35.20
42.5,3.15,380.0,190.0,1022.0,1,2.65,4.000,6.00,9.50,16.00,23.00,34.00,37.00,6.00,790.0,35.20
42.5,3.15,402.0,185.0,985.0,1,2.65,4.000,6.00,9.50,16.00,23.00,34.00,37.00,6.00,780.0,35.20
42.5,3.15,365.0,190.0,1023.0,1,2.65,4.000,6.00,9.50,16.00,23.00,34.00,37.00,6.00,808.0,36.60
42.5,3.15,402.0,185.0,985.0,1,2.65,4.000,6.00,9.50,16.00,23.00,34.00,37.00,6.00,780.0,35.70
42.5,3.15,440.0,185.0,1021.0,1,2.65,4.000,6.00,9.50,16.00,23.00,34.00,37.00,6.00,740.0,34.20
42.5,3.15,396.0,190.0,1021.0,1,2.65,4.000,6.00,9.50,16.00,23.00,34.00,37.00,6.00,776.0,39.60
42.5,3.15,380.0,190.0,1022.0,1,2.65,4.000,6.00,9.50,16.00,23.00,34.00,37.00,6.00,790.0,39.60
42.5,3.15,350.0,133.0,684.5,1,2.55,4.750,9.50,12.50,16.00,25.00,35.00,35.00,5.00,1271.3,47.40
42.5,3.15,350.0,133.0,784.0,1,2.55,4.750,9.50,12.50,16.00,25.00,35.00,35.00,5.00,1176.0,46.50
42.5,3.15,350.0,133.0,883.8,1,2.55,4.750,9.50,12.50,16.00,25.00,35.00,35.00,5.00,1080.2,46.80
42.5,3.15,375.0,142.5,668.7,1,2.55,4.750,9.50,12.50,16.00,25.00,35.00,35.00,5.00,1242.0,41.30
42.5,3.15,375.0,142.5,765.9,1,2.55,4.750,9.50,12.50,16.00,25.00,35.00,35.00,5.00,1148.8,45.80
42.5,3.15,375.0,142.5,863.4,1,2.55,4.750,9.50,12.50,16.00,25.00,35.00,35.00,5.00,1055.3,48.40
42.5,3.15,400.0,152.0,653.0,1,2.55,4.750,9.50,12.50,16.00,25.00,35.00,35.00,5.00,1212.6,41.50
42.5,3.15,400.0,152.0,747.8,1,2.55,4.750,9.50,12.50,16.00,25.00,35.00,35.00,5.00,1121.7,47.00
42.5,3.15,400.0,152.0,843.1,1,2.55,4.750,9.50,12.50,16.00,25.00,35.00,35.00,5.00,1030.4,47.60
42.5,3.15,350.0,150.5,668.7,1,2.55,4.750,9.50,12.50,16.00,25.00,35.00,35.00,5.00,1241.9,34.50
42.5,3.15,350.0,150.5,765.8,1,2.55,4.750,9.50,12.50,16.00,25.00,35.00,35.00,5.00,1148.7,44.90
42.5,3.15,350.0,150.5,863.4,1,2.55,4.750,9.50,12.50,16.00,25.00,35.00,35.00,5.00,1055.2,46.10
42.5,3.15,375.0,161.3,651.8,1,2.55,4.750,9.50,12.50,16.00,25.00,35.00,35.00,5.00,1210.4,38.90
42.5,3.15,375.0,161.3,746.4,1,2.55,4.750,9.50,12.50,16.00,25.00,35.00,35.00,5.00,1119.7,44.60
42.5,3.15,375.0,161.3,841.5,1,2.55,4.750,9.50,12.50,16.00,25.00,35.00,35.00,5.00,1028.5,41.10
42.5,3.15,400.0,172.0,634.8,1,2.55,4.750,9.50,12.50,16.00,25.00,35.00,35.00,5.00,1179.0,32.90
42.5,3.15,375.0,180.0,727.0,1,2.55,4.750,9.50,12.50,16.00,25.00,35.00,35.00,5.00,1090.5,34.00
42.5,3.15,375.0,180.0,819.6,1,2.55,4.750,9.50,12.50,16.00,25.00,35.00,35.00,5.00,1001.7,36.70
42.5,3.15,400.0,192.0,616.7,1,2.55,4.750,9.50,12.50,16.00,25.00,35.00,35.00,5.00,1145.4,31.70
42.5,3.15,400.0,192.0,706.3,1,2.55,4.750,9.50,12.50,16.00,25.00,35.00,35.00,5.00,1059.5,37.90
42.5,3.15,400.0,192.0,796.3,1,2.55,4.750,9.50,12.50,16.00,25.00,35.00,35.00,5.00,973.2,31.60
42.5,3.15,350.0,140.0,660.0,1,2.55,4.760,9.50,12.50,16.00,5.00,35.00,20.00,40.00,1175.0,42.80
42.5,3.15,350.0,140.0,754.3,1,2.55,4.760,9.50,12.50,16.00,5.00,35.00,20.00,40.00,1084.6,45.50
42.5,3.15,350.0,140.0,848.5,1,2.55,4.760,9.50,12.50,16.00,5.00,35.00,20.00,40.00,994.2,48.10
42.5,3.15,375.0,150.0,643.3,1,2.55,4.760,9.50,12.50,16.00,5.00,35.00,20.00,40.00,1145.3,41.20
42.5,3.15,375.0,150.0,735.2,1,2.55,4.760,9.50,12.50,16.00,5.00,35.00,20.00,40.00,1057.2,44.00
42.5,3.15,375.0,150.0,827.1,1,2.55,4.760,9.50,12.50,16.00,5.00,35.00,20.00,40.00,969.1,46.60
42.5,3.15,400.0,160.0,626.6,1,2.55,4.760,9.50,12.50,16.00,5.00,35.00,20.00,40.00,1115.5,39.70
42.5,3.15,400.0,160.0,716.1,1,2.55,4.760,9.50,12.50,16.00,5.00,35.00,20.00,40.00,1029.7,42.40
42.5,3.15,400.0,160.0,805.6,1,2.55,4.760,9.50,12.50,16.00,5.00,35.00,20.00,40.00,943.9,45.10
42.5,3.15,350.0,157.5,643.7,1,2.55,4.760,9.50,12.50,16.00,5.00,35.00,20.00,40.00,1146.0,37.20
42.5,3.15,350.0,157.5,735.6,1,2.55,4.760,9.50,12.50,16.00,5.00,35.00,20.00,40.00,1057.8,40.00
42.5,3.15,350.0,157.5,827.6,1,2.55,4.760,9.50,12.50,16.00,5.00,35.00,20.00,40.00,969.7,42.50
42.5,3.15,375.0,168.8,625.8,1,2.55,4.760,9.50,12.50,16.00,5.00,35.00,20.00,40.00,1114.2,35.60
42.5,3.15,375.0,168.8,715.2,1,2.55,4.760,9.50,12.50,16.00,5.00,35.00,20.00,40.00,1028.5,38.50
42.5,3.15,375.0,168.8,804.6,1,2.55,4.760,9.50,12.50,16.00,5.00,35.00,20.00,40.00,942.8,41.00
42.5,3.15,400.0,180.0,608.0,1,2.55,4.760,9.50,12.50,16.00,5.00,35.00,20.00,40.00,1082.4,34.00
42.5,3.15,400.0,180.0,694.8,1,2.55,4.760,9.50,12.50,16.00,5.00,35.00,20.00,40.00,999.1,36.90
42.5,3.15,400.0,180.0,781.7,1,2.55,4.760,9.50,12.50,16.00,5.00,35.00,20.00,40.00,915.9,39.50
42.5,3.15,350.0,175.0,627.4,1,2.55,4.760,9.50,12.50,16.00,5.00,35.00,20.00,40.00,1117.0,31.00
42.5,3.15,350.0,175.0,717.0,1,2.55,4.760,9.50,12.50,16.00,5.00,35.00,20.00,40.00,1031.1,33.90
42.5,3.15,350.0,175.0,806.6,1,2.55,4.760,9.50,12.50,16.00,5.00,35.00,20.00,40.00,945.1,36.50
42.5,3.15,375.0,187.5,608.4,1,2.55,4.760,9.50,12.50,16.00,5.00,35.00,20.00,40.00,1083.1,29.40
42.5,3.15,375.0,187.5,695.3,1,2.55,4.760,9.50,12.50,16.00,5.00,35.00,20.00,40.00,999.8,32.40
42.5,3.15,375.0,187.5,782.2,1,2.55,4.760,9.50,12.50,16.00,5.00,35.00,20.00,40.00,916.5,34.90
42.5,3.15,400.0,200.0,589.3,1,2.55,4.760,9.50,12.50,16.00,5.00,35.00,20.00,40.00,1049.2,27.80
42.5,3.15,400.0,200.0,673.5,1,2.55,4.760,9.50,12.50,16.00,5.00,35.00,20.00,40.00,968.5,30.80
42.5,3.15,400.0,200.0,757.7,1,2.55,4.760,9.50,12.50,16.00,5.00,35.00,20.00,40.00,887.8,33.40
42.5,3.15,350.0,140.0,660.0,1,2.82,4.760,9.50,12.50,16.00,5.00,35.00,20.00,40.00,1299.4,27.40
42.5,3.15,350.0,140.0,754.3,1,2.82,4.760,9.50,12.50,16.00,5.00,35.00,20.00,40.00,1199.4,32.00
42.5,3.12,400.0,224.0,800.0,1,2.60,4.750,9.50,16.00,19.00,21.00,35.00,26.00,18.00,1000.0,39.70
42.5,3.12,400.0,200.0,724.0,1,2.60,4.750,9.50,16.00,19.00,21.00,35.00,26.00,18.00,1124.0,54.80
42.5,3.12,370.0,159.1,714.1,1,2.60,4.750,9.50,16.00,19.00,21.00,35.00,26.00,18.00,1187.7,81.50
42.5,3.12,455.0,132.0,696.2,1,2.60,4.750,9.50,16.00,19.00,21.00,35.00,26.00,18.00,1151.2,98.50
42.5,3.12,510.0,122.4,652.8,1,2.60,4.750,9.50,16.00,19.00,21.00,35.00,26.00,18.00,1086.3,103.80
42.5,3.15,300.0,195.0,828.4,1,2.55,4.000,8.00,12.00,16.00,13.00,28.00,38.00,21.00,918.1,37.50
42.5,3.15,400.0,160.0,805.6,1,2.82,4.760,9.50,12.50,16.00,5.00,35.00,20.00,40.00,1043.8,39.80
42.5,3.15,350.0,157.5,643.7,1,2.82,4.760,9.50,12.50,16.00,5.00,35.00,20.00,40.00,1267.3,26.60
42.5,3.15,350.0,157.5,735.6,1,2.82,4.760,9.50,12.50,16.00,5.00,35.00,20.00,40.00,1169.8,31.20
42.5,3.15,350.0,157.5,827.6,1,2.82,4.760,9.50,12.50,16.00,5.00,35.00,20.00,40.00,1072.3,35.40
42.5,3.15,375.0,168.8,625.8,1,2.82,4.760,9.50,12.50,16.00,5.00,35.00,20.00,40.00,1232.1,27.00
42.5,3.15,375.0,168.8,715.2,1,2.82,4.760,9.50,12.50,16.00,5.00,35.00,20.00,40.00,1137.4,31.70
42.5,3.15,375.0,168.8,804.6,1,2.82,4.760,9.50,12.50,16.00,5.00,35.00,20.00,40.00,1042.6,35.70
42.5,3.15,400.0,180.0,608.0,1,2.82,4.760,9.50,12.50,16.00,5.00,35.00,20.00,40.00,1197.0,27.10
42.5,3.15,400.0,180.0,694.8,1,2.82,4.760,9.50,12.50,16.00,5.00,35.00,20.00,40.00,1104.9,31.80
42.5,3.15,400.0,180.0,781.7,1,2.82,4.760,9.50,12.50,16.00,5.00,35.00,20.00,40.00,1012.8,35.80
42.5,3.15,350.0,175.0,627.4,1,2.82,4.760,9.50,12.50,16.00,5.00,35.00,20.00,40.00,1235.2,26.60
42.5,3.15,350.0,175.0,717.0,1,2.82,4.760,9.50,12.50,16.00,5.00,35.00,20.00,40.00,1140.2,31.20
42.5,3.15,350.0,175.0,806.6,1,2.82,4.760,9.50,12.50,16.00,5.00,35.00,20.00,40.00,1045.2,35.40
42.5,3.15,375.0,187.5,608.4,1,2.82,4.760,9.50,12.50,16.00,5.00,35.00,20.00,40.00,1197.8,25.30
42.5,3.15,375.0,187.5,695.3,1,2.82,4.760,9.50,12.50,16.00,5.00,35.00,20.00,40.00,1105.6,30.00
42.5,3.15,375.0,187.5,782.2,1,2.82,4.760,9.50,12.50,16.00,5.00,35.00,20.00,40.00,1013.5,34.00
42.5,3.15,400.0,200.0,589.3,1,2.82,4.760,9.50,12.50,16.00,5.00,35.00,20.00,40.00,1160.3,23.70
42.5,3.15,400.0,200.0,673.5,1,2.82,4.760,9.50,12.50,16.00,5.00,35.00,20.00,40.00,1071.1,28.30
42.5,3.15,400.0,200.0,757.7,1,2.82,4.760,9.50,12.50,16.00,5.00,35.00,20.00,40.00,981.8,32.50
42.5,3.15,327.0,164.0,773.0,2,2.64,4.000,6.00,8.00,10.00,17.00,48.00,28.00,7.00,1105.0,58.70
42.5,3.15,327.0,164.0,775.0,2,2.64,4.000,9.00,12.00,16.00,13.00,51.00,23.00,13.00,1105.0,54.80
42.5,3.15,327.0,164.0,885.0,2,2.64,4.000,6.00,8.00,10.00,17.00,48.00,28.00,7.00,994.0,50.10
42.5,3.15,327.0,164.0,765.0,2,2.58,4.000,6.00,8.00,10.00,17.00,48.00,28.00,7.00,1090.0,59.40
42.5,3.15,327.0,164.0,883.0,2,2.58,4.000,6.00,8.00,10.00,17.00,48.00,28.00,7.00,973.0,57.10
31.3,3.14,329.0,174.4,822.5,2,2.84,4.750,9.50,12.00,16.00,15.00,37.00,37.00,11.00,1151.5,31.90
31.3,3.14,322.0,138.5,644.0,2,2.69,4.750,9.50,12.00,16.00,15.00,37.00,37.00,11.00,966.0,43.20
31.3,3.14,332.0,116.2,498.0,2,2.90,4.750,9.50,12.00,16.00,15.00,37.00,37.00,11.00,830.0,62.30
31.3,3.14,389.0,206.2,972.5,2,2.84,4.750,9.50,12.00,16.00,15.00,37.00,37.00,11.00,1361.5,36.20
31.3,3.14,380.0,163.4,760.0,2,2.69,4.750,9.50,12.00,16.00,15.00,37.00,37.00,11.00,1140.0,43.00
31.3,3.14,392.0,137.2,588.0,2,2.90,4.750,9.50,12.00,16.00,15.00,37.00,37.00,11.00,980.0,58.00
31.3,3.14,470.0,249.1,1175.0,2,2.84,4.750,9.50,12.00,16.00,15.00,37.00,37.00,11.00,1645.0,42.90
31.3,3.14,459.0,197.4,918.0,2,2.69,4.750,9.50,12.00,16.00,15.00,37.00,37.00,11.00,1377.0,50.10
31.3,3.14,474.0,165.9,711.0,2,2.90,4.750,9.50,12.00,16.00,15.00,37.00,37.00,11.00,1185.0,58.00
42.5,3.16,457.5,215.0,558.7,1,2.73,2.360,4.75,9.50,16.00,5.00,25.00,45.00,25.00,1134.1,57.40
42.5,3.16,413.5,215.0,605.1,1,2.73,2.360,4.75,9.50,16.00,5.00,25.00,45.00,25.00,1123.7,40.40
42.5,3.16,369.2,155.1,626.1,1,2.73,2.360,4.75,9.50,16.00,5.00,25.00,45.00,25.00,1330.0,47.60
42.5,3.16,362.7,170.5,615.1,1,2.73,2.360,4.75,9.50,16.00,5.00,25.00,45.00,25.00,1306.7,35.40
42.5,3.16,356.1,185.2,603.9,1,2.73,2.360,4.75,9.50,16.00,5.00,25.00,45.00,25.00,1282.9,41.40
42.5,3.15,360.0,162.0,586.0,1,2.64,4.750,9.50,16.00,19.00,24.47,27.56,26.99,20.98,1596.0,45.40
42.5,3.15,435.0,192.0,562.0,1,2.64,4.750,9.50,16.00,19.00,21.68,32.90,26.84,18.58,1635.2,45.40
42.5,3.12,340.0,170.0,720.8,1,2.65,4.750,9.50,16.00,19.00,21.00,35.00,26.00,18.00,1190.0,79.60
42.5,3.12,400.0,140.0,708.0,1,2.65,4.750,9.50,16.00,19.00,21.00,35.00,26.00,18.00,1188.0,96.70
42.5,3.12,510.0,122.4,652.8,1,2.65,4.750,9.50,16.00,19.00,21.00,35.00,26.00,18.00,1086.3,110.70
42.5,3.15,210.0,180.6,938.0,1,2.59,4.400,9.50,16.00,19.00,16.00,48.00,26.00,10.00,958.0,22.70
42.5,3.15,280.0,182.0,870.0,1,2.59,4.400,9.50,16.00,19.00,16.00,48.00,26.00,10.00,956.0,36.80
42.5,3.15,350.0,143.5,863.0,1,2.59,4.400,9.50,16.00,19.00,16.00,48.00,26.00,10.00,1002.0,67.50
42.5,3.15,210.0,170.1,946.0,1,2.70,4.400,9.50,16.00,19.00,16.00,48.00,26.00,10.00,1019.0,26.10
42.5,3.15,280.0,176.4,877.0,1,2.70,4.400,9.50,16.00,19.00,16.00,48.00,26.00,10.00,1011.0,40.30
42.5,3.15,350.0,140.0,868.0,1,2.70,4.400,9.50,16.00,19.00,16.00,48.00,26.00,10.00,1057.0,68.70
52.5,3.15,300.0,205.0,697.0,1,2.60,5.000,8.00,10.00,15.00,16.67,16.67,33.33,33.33,1128.0,32.80
52.5,3.15,350.0,180.0,706.0,1,2.60,5.000,8.00,10.00,15.00,16.64,16.64,33.36,33.36,1142.0,45.90
52.5,3.15,425.0,185.0,696.0,1,2.60,5.000,8.00,10.00,15.00,16.67,16.67,33.33,33.33,1077.0,58.50
52.5,3.15,485.0,165.0,685.0,1,2.60,5.000,8.00,10.00,15.00,33.33,33.33,16.67,16.67,1089.0,76.50
52.5,3.15,430.0,185.0,559.0,1,2.82,5.000,9.50,19.00,26.50,10.00,35.00,45.00,10.00,1118.0,54.60
42.5,3.15,370.0,165.0,650.0,1,2.60,5.000,9.60,12.60,15.00,18.00,22.00,35.00,25.00,1215.0,47.50
42.5,3.15,460.0,165.0,575.0,1,2.60,5.000,9.60,12.60,15.00,18.00,22.00,35.00,25.00,1216.0,57.00
42.5,3.15,560.0,165.0,495.0,1,2.60,5.000,9.60,12.60,15.00,18.00,22.00,35.00,25.00,1217.0,66.50
